document,points
001.jpg,"{0: {'x': 832.0, 'y': 994.0}, 1: {'x': 1469.0, 'y': 1032.0}, 2: {'x': 1295.0, 'y': 1277.0}, 3: {'x': 596.0, 'y': 1203.0}, 4: {'x': 1370.0, 'y': 1643.0}, 5: {'x': 1364.0, 'y': 2056.0}, 6: {'x': 1329.0, 'y': 2212.0}, 7: {'x': 1236.0, 'y': 2263.0}, 8: {'x': 1294.0, 'y': 2261.0}, 9: {'x': 695.0, 'y': 1814.0}, 10: {'x': 1459.0, 'y': 1869.0}, 11: {'x': 1449.0, 'y': 1864.0}, 12: {'x': 1587.0, 'y': 1752.0}, 13: {'x': 1570.0, 'y': 2014.0}, 14: {'x': 1508.0, 'y': 1610.0}, 15: {'x': 1412.0, 'y': 2260.0}, 16: {'x': 940.0, 'y': 1510.0}, 17: {'x': 1402.0, 'y': 1561.0}, 18: {'x': 664.0, 'y': 1336.0}}"
001.jpg,"{0: {'x': 832.0, 'y': 994.0}, 1: {'x': 1469.0, 'y': 1032.0}, 2: {'x': 1295.0, 'y': 1277.0}, 3: {'x': 596.0, 'y': 1203.0}, 4: {'x': 1370.0, 'y': 1643.0}, 5: {'x': 1364.0, 'y': 2056.0}, 6: {'x': 1329.0, 'y': 2212.0}, 7: {'x': 1236.0, 'y': 2263.0}, 8: {'x': 1294.0, 'y': 2261.0}, 9: {'x': 695.0, 'y': 1814.0}, 10: {'x': 1459.0, 'y': 1869.0}, 11: {'x': 1449.0, 'y': 1864.0}, 12: {'x': 1587.0, 'y': 1752.0}, 13: {'x': 1570.0, 'y': 2014.0}, 14: {'x': 1508.0, 'y': 1610.0}, 15: {'x': 1412.0, 'y': 2260.0}, 16: {'x': 940.0, 'y': 1510.0}, 17: {'x': 1402.0, 'y': 1561.0}, 18: {'x': 664.0, 'y': 1336.0}}"
002.jpg,"{0: {'x': 810.0, 'y': 1050.0}, 1: {'x': 1404.0, 'y': 966.0}, 2: {'x': 1284.0, 'y': 1238.0}, 3: {'x': 599.0, 'y': 1251.0}, 4: {'x': 1373.0, 'y': 1541.0}, 5: {'x': 1343.0, 'y': 1872.0}, 6: {'x': 1381.0, 'y': 2010.0}, 7: {'x': 1300.0, 'y': 2086.0}, 8: {'x': 1359.0, 'y': 2069.0}, 9: {'x': 675.0, 'y': 1738.0}, 10: {'x': 1408.0, 'y': 1717.0}, 11: {'x': 1426.0, 'y': 1734.0}, 12: {'x': 1518.0, 'y': 1665.0}, 13: {'x': 1513.0, 'y': 1836.0}, 14: {'x': 1462.0, 'y': 1514.0}, 15: {'x': 1470.0, 'y': 2072.0}, 16: {'x': 981.0, 'y': 1432.0}, 17: {'x': 1396.0, 'y': 1446.0}, 18: {'x': 683.0, 'y': 1324.0}}"
003.jpg,"{0: {'x': 762.0, 'y': 1104.0}, 1: {'x': 1330.0, 'y': 911.0}, 2: {'x': 1262.0, 'y': 1177.0}, 3: {'x': 622.0, 'y': 1272.0}, 4: {'x': 1437.0, 'y': 1418.0}, 5: {'x': 1438.0, 'y': 1761.0}, 6: {'x': 1461.0, 'y': 1881.0}, 7: {'x': 1407.0, 'y': 1936.0}, 8: {'x': 1447.0, 'y': 1922.0}, 9: {'x': 811.0, 'y': 1712.0}, 10: {'x': 1451.0, 'y': 1575.0}, 11: {'x': 1495.0, 'y': 1608.0}, 12: {'x': 1579.0, 'y': 1444.0}, 13: {'x': 1596.0, 'y': 1687.0}, 14: {'x': 1526.0, 'y': 1366.0}, 15: {'x': 1537.0, 'y': 1887.0}, 16: {'x': 1005.0, 'y': 1408.0}, 17: {'x': 1432.0, 'y': 1349.0}, 18: {'x': 712.0, 'y': 1349.0}}"
004.jpg,"{0: {'x': 876.0, 'y': 1086.0}, 1: {'x': 1525.0, 'y': 921.0}, 2: {'x': 1379.0, 'y': 1240.0}, 3: {'x': 633.0, 'y': 1231.0}, 4: {'x': 1522.0, 'y': 1560.0}, 5: {'x': 1460.0, 'y': 1873.0}, 6: {'x': 1468.0, 'y': 2016.0}, 7: {'x': 1408.0, 'y': 2092.0}, 8: {'x': 1447.0, 'y': 2064.0}, 9: {'x': 794.0, 'y': 1848.0}, 10: {'x': 1490.0, 'y': 1712.0}, 11: {'x': 1537.0, 'y': 1742.0}, 12: {'x': 1655.0, 'y': 1690.0}, 13: {'x': 1630.0, 'y': 1876.0}, 14: {'x': 1613.0, 'y': 1535.0}, 15: {'x': 1540.0, 'y': 2067.0}, 16: {'x': 1076.0, 'y': 1449.0}, 17: {'x': 1542.0, 'y': 1464.0}, 18: {'x': 705.0, 'y': 1364.0}}"
005.jpg,"{0: {'x': 704.0, 'y': 1024.0}, 1: {'x': 1299.0, 'y': 817.0}, 2: {'x': 1238.0, 'y': 1084.0}, 3: {'x': 572.0, 'y': 1222.0}, 4: {'x': 1406.0, 'y': 1425.0}, 5: {'x': 1329.0, 'y': 1787.0}, 6: {'x': 1325.0, 'y': 1962.0}, 7: {'x': 1272.0, 'y': 2010.0}, 8: {'x': 1310.0, 'y': 1993.0}, 9: {'x': 698.0, 'y': 1636.0}, 10: {'x': 1414.0, 'y': 1601.0}, 11: {'x': 1459.0, 'y': 1633.0}, 12: {'x': 1538.0, 'y': 1463.0}, 13: {'x': 1498.0, 'y': 1769.0}, 14: {'x': 1464.0, 'y': 1374.0}, 15: {'x': 1399.0, 'y': 1954.0}, 16: {'x': 947.0, 'y': 1368.0}, 17: {'x': 1405.0, 'y': 1310.0}, 18: {'x': 629.0, 'y': 1323.0}}"
006.jpg,"{0: {'x': 828.0, 'y': 976.0}, 1: {'x': 1398.0, 'y': 1003.0}, 2: {'x': 1261.0, 'y': 1236.0}, 3: {'x': 586.0, 'y': 1140.0}, 4: {'x': 1323.0, 'y': 1554.0}, 5: {'x': 1398.0, 'y': 1979.0}, 6: {'x': 1387.0, 'y': 2109.0}, 7: {'x': 1333.0, 'y': 2158.0}, 8: {'x': 1367.0, 'y': 2141.0}, 9: {'x': 751.0, 'y': 1656.0}, 10: {'x': 1443.0, 'y': 1770.0}, 11: {'x': 1393.0, 'y': 1769.0}, 12: {'x': 1529.0, 'y': 1634.0}, 13: {'x': 1562.0, 'y': 1869.0}, 14: {'x': 1462.0, 'y': 1530.0}, 15: {'x': 1495.0, 'y': 2116.0}, 16: {'x': 925.0, 'y': 1416.0}, 17: {'x': 1351.0, 'y': 1469.0}, 18: {'x': 691.0, 'y': 1241.0}}"
007.jpg,"{0: {'x': 834.0, 'y': 1007.0}, 1: {'x': 1447.0, 'y': 827.0}, 2: {'x': 1331.0, 'y': 1128.0}, 3: {'x': 622.0, 'y': 1252.0}, 4: {'x': 1440.0, 'y': 1520.0}, 5: {'x': 1374.0, 'y': 1910.0}, 6: {'x': 1345.0, 'y': 2139.0}, 7: {'x': 1288.0, 'y': 2188.0}, 8: {'x': 1326.0, 'y': 2177.0}, 9: {'x': 736.0, 'y': 1761.0}, 10: {'x': 1440.0, 'y': 1716.0}, 11: {'x': 1472.0, 'y': 1725.0}, 12: {'x': 1613.0, 'y': 1576.0}, 13: {'x': 1608.0, 'y': 1826.0}, 14: {'x': 1572.0, 'y': 1450.0}, 15: {'x': 1430.0, 'y': 2104.0}, 16: {'x': 1032.0, 'y': 1401.0}, 17: {'x': 1487.0, 'y': 1365.0}, 18: {'x': 691.0, 'y': 1352.0}}"
008.jpg,"{0: {'x': 785.0, 'y': 1033.0}, 1: {'x': 1318.0, 'y': 820.0}, 2: {'x': 1241.0, 'y': 1104.0}, 3: {'x': 638.0, 'y': 1216.0}, 4: {'x': 1443.0, 'y': 1357.0}, 5: {'x': 1373.0, 'y': 1694.0}, 6: {'x': 1366.0, 'y': 1828.0}, 7: {'x': 1317.0, 'y': 1886.0}, 8: {'x': 1353.0, 'y': 1870.0}, 9: {'x': 775.0, 'y': 1663.0}, 10: {'x': 1454.0, 'y': 1529.0}, 11: {'x': 1495.0, 'y': 1555.0}, 12: {'x': 1599.0, 'y': 1423.0}, 13: {'x': 1573.0, 'y': 1644.0}, 14: {'x': 1483.0, 'y': 1294.0}, 15: {'x': 1453.0, 'y': 1851.0}, 16: {'x': 1007.0, 'y': 1327.0}, 17: {'x': 1430.0, 'y': 1260.0}, 18: {'x': 699.0, 'y': 1295.0}}"
009.jpg,"{0: {'x': 855.0, 'y': 1078.0}, 1: {'x': 1439.0, 'y': 1032.0}, 2: {'x': 1306.0, 'y': 1248.0}, 3: {'x': 603.0, 'y': 1260.0}, 4: {'x': 1386.0, 'y': 1565.0}, 5: {'x': 1323.0, 'y': 1902.0}, 6: {'x': 1306.0, 'y': 2018.0}, 7: {'x': 1263.0, 'y': 2065.0}, 8: {'x': 1290.0, 'y': 2051.0}, 9: {'x': 703.0, 'y': 1727.0}, 10: {'x': 1372.0, 'y': 1739.0}, 11: {'x': 1395.0, 'y': 1757.0}, 12: {'x': 1525.0, 'y': 1669.0}, 13: {'x': 1502.0, 'y': 1828.0}, 14: {'x': 1474.0, 'y': 1533.0}, 15: {'x': 1431.0, 'y': 2029.0}, 16: {'x': 979.0, 'y': 1449.0}, 17: {'x': 1425.0, 'y': 1471.0}, 18: {'x': 677.0, 'y': 1360.0}}"
010.jpg,"{0: {'x': 846.0, 'y': 1072.0}, 1: {'x': 1397.0, 'y': 876.0}, 2: {'x': 1323.0, 'y': 1156.0}, 3: {'x': 661.0, 'y': 1256.0}, 4: {'x': 1462.0, 'y': 1479.0}, 5: {'x': 1367.0, 'y': 1772.0}, 6: {'x': 1367.0, 'y': 1883.0}, 7: {'x': 1329.0, 'y': 1935.0}, 8: {'x': 1356.0, 'y': 1916.0}, 9: {'x': 766.0, 'y': 1661.0}, 10: {'x': 1437.0, 'y': 1604.0}, 11: {'x': 1469.0, 'y': 1617.0}, 12: {'x': 1607.0, 'y': 1541.0}, 13: {'x': 1531.0, 'y': 1756.0}, 14: {'x': 1566.0, 'y': 1405.0}, 15: {'x': 1458.0, 'y': 1930.0}, 16: {'x': 1036.0, 'y': 1384.0}, 17: {'x': 1427.0, 'y': 1363.0}, 18: {'x': 740.0, 'y': 1343.0}}"
011.jpg,"{0: {'x': 767.0, 'y': 1037.0}, 1: {'x': 1376.0, 'y': 960.0}, 2: {'x': 1268.0, 'y': 1194.0}, 3: {'x': 590.0, 'y': 1202.0}, 4: {'x': 1403.0, 'y': 1526.0}, 5: {'x': 1288.0, 'y': 1841.0}, 6: {'x': 1269.0, 'y': 1976.0}, 7: {'x': 1196.0, 'y': 2036.0}, 8: {'x': 1243.0, 'y': 2018.0}, 9: {'x': 709.0, 'y': 1631.0}, 10: {'x': 1406.0, 'y': 1691.0}, 11: {'x': 1439.0, 'y': 1673.0}, 12: {'x': 1554.0, 'y': 1594.0}, 13: {'x': 1500.0, 'y': 1828.0}, 14: {'x': 1502.0, 'y': 1453.0}, 15: {'x': 1353.0, 'y': 1985.0}, 16: {'x': 976.0, 'y': 1395.0}, 17: {'x': 1366.0, 'y': 1413.0}, 18: {'x': 695.0, 'y': 1294.0}}"
012.jpg,"{0: {'x': 859.0, 'y': 1042.0}, 1: {'x': 1521.0, 'y': 953.0}, 2: {'x': 1385.0, 'y': 1220.0}, 3: {'x': 636.0, 'y': 1266.0}, 4: {'x': 1515.0, 'y': 1567.0}, 5: {'x': 1599.0, 'y': 1937.0}, 6: {'x': 1619.0, 'y': 2075.0}, 7: {'x': 1568.0, 'y': 2140.0}, 8: {'x': 1601.0, 'y': 2116.0}, 9: {'x': 872.0, 'y': 1830.0}, 10: {'x': 1615.0, 'y': 1739.0}, 11: {'x': 1577.0, 'y': 1740.0}, 12: {'x': 1698.0, 'y': 1619.0}, 13: {'x': 1746.0, 'y': 1820.0}, 14: {'x': 1623.0, 'y': 1498.0}, 15: {'x': 1710.0, 'y': 2115.0}, 16: {'x': 1062.0, 'y': 1474.0}, 17: {'x': 1528.0, 'y': 1446.0}, 18: {'x': 729.0, 'y': 1368.0}}"
013.jpg,"{0: {'x': 753.0, 'y': 1037.0}, 1: {'x': 1347.0, 'y': 1022.0}, 2: {'x': 1203.0, 'y': 1273.0}, 3: {'x': 521.0, 'y': 1170.0}, 4: {'x': 1257.0, 'y': 1544.0}, 5: {'x': 1278.0, 'y': 1863.0}, 6: {'x': 1277.0, 'y': 1948.0}, 7: {'x': 1229.0, 'y': 2004.0}, 8: {'x': 1261.0, 'y': 1984.0}, 9: {'x': 653.0, 'y': 1626.0}, 10: {'x': 1308.0, 'y': 1696.0}, 11: {'x': 1284.0, 'y': 1713.0}, 12: {'x': 1416.0, 'y': 1655.0}, 13: {'x': 1423.0, 'y': 1791.0}, 14: {'x': 1385.0, 'y': 1546.0}, 15: {'x': 1370.0, 'y': 2016.0}, 16: {'x': 906.0, 'y': 1421.0}, 17: {'x': 1299.0, 'y': 1508.0}, 18: {'x': 608.0, 'y': 1251.0}}"
014.jpg,"{0: {'x': 743.0, 'y': 1042.0}, 1: {'x': 1351.0, 'y': 995.0}, 2: {'x': 1221.0, 'y': 1235.0}, 3: {'x': 566.0, 'y': 1191.0}, 4: {'x': 1310.0, 'y': 1529.0}, 5: {'x': 1251.0, 'y': 1888.0}, 6: {'x': 1247.0, 'y': 2009.0}, 7: {'x': 1193.0, 'y': 2066.0}, 8: {'x': 1230.0, 'y': 2051.0}, 9: {'x': 691.0, 'y': 1664.0}, 10: {'x': 1330.0, 'y': 1715.0}, 11: {'x': 1345.0, 'y': 1717.0}, 12: {'x': 1492.0, 'y': 1618.0}, 13: {'x': 1414.0, 'y': 1882.0}, 14: {'x': 1458.0, 'y': 1507.0}, 15: {'x': 1328.0, 'y': 2068.0}, 16: {'x': 903.0, 'y': 1430.0}, 17: {'x': 1352.0, 'y': 1453.0}, 18: {'x': 646.0, 'y': 1294.0}}"
015.jpg,"{0: {'x': 744.0, 'y': 1089.0}, 1: {'x': 1320.0, 'y': 981.0}, 2: {'x': 1262.0, 'y': 1246.0}, 3: {'x': 539.0, 'y': 1227.0}, 4: {'x': 1389.0, 'y': 1569.0}, 5: {'x': 1327.0, 'y': 1906.0}, 6: {'x': 1289.0, 'y': 2048.0}, 7: {'x': 1236.0, 'y': 2105.0}, 8: {'x': 1271.0, 'y': 2086.0}, 9: {'x': 716.0, 'y': 1760.0}, 10: {'x': 1401.0, 'y': 1739.0}, 11: {'x': 1412.0, 'y': 1735.0}, 12: {'x': 1513.0, 'y': 1688.0}, 13: {'x': 1492.0, 'y': 1888.0}, 14: {'x': 1474.0, 'y': 1527.0}, 15: {'x': 1390.0, 'y': 2103.0}, 16: {'x': 935.0, 'y': 1459.0}, 17: {'x': 1344.0, 'y': 1459.0}, 18: {'x': 627.0, 'y': 1289.0}}"
016.jpg,"{0: {'x': 878.0, 'y': 997.0}, 1: {'x': 1490.0, 'y': 856.0}, 2: {'x': 1347.0, 'y': 1155.0}, 3: {'x': 656.0, 'y': 1205.0}, 4: {'x': 1507.0, 'y': 1482.0}, 5: {'x': 1452.0, 'y': 1830.0}, 6: {'x': 1436.0, 'y': 1952.0}, 7: {'x': 1388.0, 'y': 2003.0}, 8: {'x': 1421.0, 'y': 1989.0}, 9: {'x': 849.0, 'y': 1752.0}, 10: {'x': 1552.0, 'y': 1628.0}, 11: {'x': 1579.0, 'y': 1637.0}, 12: {'x': 1658.0, 'y': 1517.0}, 13: {'x': 1645.0, 'y': 1765.0}, 14: {'x': 1589.0, 'y': 1381.0}, 15: {'x': 1525.0, 'y': 1950.0}, 16: {'x': 1049.0, 'y': 1376.0}, 17: {'x': 1510.0, 'y': 1346.0}, 18: {'x': 713.0, 'y': 1317.0}}"
017.jpg,"{0: {'x': 814.0, 'y': 1032.0}, 1: {'x': 1388.0, 'y': 967.0}, 2: {'x': 1278.0, 'y': 1211.0}, 3: {'x': 594.0, 'y': 1189.0}, 4: {'x': 1391.0, 'y': 1568.0}, 5: {'x': 1424.0, 'y': 1932.0}, 6: {'x': 1409.0, 'y': 2074.0}, 7: {'x': 1341.0, 'y': 2141.0}, 8: {'x': 1383.0, 'y': 2117.0}, 9: {'x': 686.0, 'y': 1782.0}, 10: {'x': 1482.0, 'y': 1731.0}, 11: {'x': 1443.0, 'y': 1758.0}, 12: {'x': 1591.0, 'y': 1672.0}, 13: {'x': 1611.0, 'y': 1891.0}, 14: {'x': 1534.0, 'y': 1544.0}, 15: {'x': 1486.0, 'y': 2094.0}, 16: {'x': 953.0, 'y': 1448.0}, 17: {'x': 1392.0, 'y': 1496.0}, 18: {'x': 657.0, 'y': 1291.0}}"
018.jpg,"{0: {'x': 838.0, 'y': 1111.0}, 1: {'x': 1408.0, 'y': 1028.0}, 2: {'x': 1315.0, 'y': 1295.0}, 3: {'x': 630.0, 'y': 1267.0}, 4: {'x': 1384.0, 'y': 1576.0}, 5: {'x': 1291.0, 'y': 1890.0}, 6: {'x': 1248.0, 'y': 1993.0}, 7: {'x': 1183.0, 'y': 2029.0}, 8: {'x': 1222.0, 'y': 2022.0}, 9: {'x': 703.0, 'y': 1729.0}, 10: {'x': 1397.0, 'y': 1759.0}, 11: {'x': 1430.0, 'y': 1801.0}, 12: {'x': 1541.0, 'y': 1722.0}, 13: {'x': 1478.0, 'y': 1865.0}, 14: {'x': 1503.0, 'y': 1582.0}, 15: {'x': 1358.0, 'y': 2031.0}, 16: {'x': 988.0, 'y': 1498.0}, 17: {'x': 1409.0, 'y': 1527.0}, 18: {'x': 691.0, 'y': 1377.0}}"
019.jpg,"{0: {'x': 780.0, 'y': 1068.0}, 1: {'x': 1351.0, 'y': 957.0}, 2: {'x': 1247.0, 'y': 1218.0}, 3: {'x': 606.0, 'y': 1260.0}, 4: {'x': 1334.0, 'y': 1485.0}, 5: {'x': 1309.0, 'y': 1797.0}, 6: {'x': 1317.0, 'y': 1872.0}, 7: {'x': 1271.0, 'y': 1939.0}, 8: {'x': 1305.0, 'y': 1912.0}, 9: {'x': 717.0, 'y': 1722.0}, 10: {'x': 1313.0, 'y': 1604.0}, 11: {'x': 1387.0, 'y': 1675.0}, 12: {'x': 1516.0, 'y': 1584.0}, 13: {'x': 1468.0, 'y': 1733.0}, 14: {'x': 1451.0, 'y': 1480.0}, 15: {'x': 1409.0, 'y': 1919.0}, 16: {'x': 964.0, 'y': 1437.0}, 17: {'x': 1361.0, 'y': 1420.0}, 18: {'x': 676.0, 'y': 1379.0}}"
020.jpg,"{0: {'x': 766.0, 'y': 1123.0}, 1: {'x': 1333.0, 'y': 1025.0}, 2: {'x': 1249.0, 'y': 1262.0}, 3: {'x': 571.0, 'y': 1276.0}, 4: {'x': 1348.0, 'y': 1573.0}, 5: {'x': 1318.0, 'y': 1869.0}, 6: {'x': 1313.0, 'y': 1974.0}, 7: {'x': 1250.0, 'y': 2037.0}, 8: {'x': 1295.0, 'y': 2014.0}, 9: {'x': 678.0, 'y': 1769.0}, 10: {'x': 1382.0, 'y': 1718.0}, 11: {'x': 1423.0, 'y': 1734.0}, 12: {'x': 1484.0, 'y': 1635.0}, 13: {'x': 1469.0, 'y': 1845.0}, 14: {'x': 1418.0, 'y': 1540.0}, 15: {'x': 1379.0, 'y': 2010.0}, 16: {'x': 933.0, 'y': 1496.0}, 17: {'x': 1360.0, 'y': 1512.0}, 18: {'x': 640.0, 'y': 1367.0}}"
021.jpg,"{0: {'x': 819.0, 'y': 1093.0}, 1: {'x': 1430.0, 'y': 1035.0}, 2: {'x': 1262.0, 'y': 1310.0}, 3: {'x': 579.0, 'y': 1231.0}, 4: {'x': 1273.0, 'y': 1600.0}, 5: {'x': 1190.0, 'y': 1994.0}, 6: {'x': 1186.0, 'y': 2130.0}, 7: {'x': 1107.0, 'y': 2206.0}, 8: {'x': 1170.0, 'y': 2190.0}, 9: {'x': 653.0, 'y': 1798.0}, 10: {'x': 1303.0, 'y': 1827.0}, 11: {'x': 1311.0, 'y': 1810.0}, 12: {'x': 1480.0, 'y': 1744.0}, 13: {'x': 1407.0, 'y': 1955.0}, 14: {'x': 1450.0, 'y': 1607.0}, 15: {'x': 1293.0, 'y': 2178.0}, 16: {'x': 904.0, 'y': 1507.0}, 17: {'x': 1320.0, 'y': 1546.0}, 18: {'x': 641.0, 'y': 1366.0}}"
022.jpg,"{0: {'x': 848.0, 'y': 1039.0}, 1: {'x': 1467.0, 'y': 982.0}, 2: {'x': 1327.0, 'y': 1233.0}, 3: {'x': 606.0, 'y': 1204.0}, 4: {'x': 1447.0, 'y': 1487.0}, 5: {'x': 1434.0, 'y': 1820.0}, 6: {'x': 1434.0, 'y': 1921.0}, 7: {'x': 1382.0, 'y': 1990.0}, 8: {'x': 1423.0, 'y': 1964.0}, 9: {'x': 803.0, 'y': 1762.0}, 10: {'x': 1464.0, 'y': 1654.0}, 11: {'x': 1499.0, 'y': 1674.0}, 12: {'x': 1613.0, 'y': 1609.0}, 13: {'x': 1582.0, 'y': 1783.0}, 14: {'x': 1554.0, 'y': 1478.0}, 15: {'x': 1515.0, 'y': 1961.0}, 16: {'x': 997.0, 'y': 1423.0}, 17: {'x': 1453.0, 'y': 1441.0}, 18: {'x': 672.0, 'y': 1320.0}}"
023.jpg,"{0: {'x': 862.0, 'y': 1033.0}, 1: {'x': 1522.0, 'y': 1090.0}, 2: {'x': 1380.0, 'y': 1287.0}, 3: {'x': 613.0, 'y': 1209.0}, 4: {'x': 1461.0, 'y': 1652.0}, 5: {'x': 1548.0, 'y': 2022.0}, 6: {'x': 1555.0, 'y': 2175.0}, 7: {'x': 1488.0, 'y': 2256.0}, 8: {'x': 1538.0, 'y': 2228.0}, 9: {'x': 845.0, 'y': 1811.0}, 10: {'x': 1584.0, 'y': 1811.0}, 11: {'x': 1455.0, 'y': 1845.0}, 12: {'x': 1630.0, 'y': 1763.0}, 13: {'x': 1709.0, 'y': 1933.0}, 14: {'x': 1583.0, 'y': 1655.0}, 15: {'x': 1659.0, 'y': 2208.0}, 16: {'x': 1004.0, 'y': 1504.0}, 17: {'x': 1472.0, 'y': 1608.0}, 18: {'x': 726.0, 'y': 1333.0}}"
024.jpg,"{0: {'x': 817.0, 'y': 1073.0}, 1: {'x': 1424.0, 'y': 1024.0}, 2: {'x': 1310.0, 'y': 1272.0}, 3: {'x': 596.0, 'y': 1237.0}, 4: {'x': 1380.0, 'y': 1558.0}, 5: {'x': 1324.0, 'y': 1887.0}, 6: {'x': 1331.0, 'y': 1986.0}, 7: {'x': 1268.0, 'y': 2058.0}, 8: {'x': 1313.0, 'y': 2031.0}, 9: {'x': 740.0, 'y': 1728.0}, 10: {'x': 1408.0, 'y': 1741.0}, 11: {'x': 1429.0, 'y': 1761.0}, 12: {'x': 1560.0, 'y': 1649.0}, 13: {'x': 1503.0, 'y': 1874.0}, 14: {'x': 1469.0, 'y': 1514.0}, 15: {'x': 1415.0, 'y': 2043.0}, 16: {'x': 966.0, 'y': 1456.0}, 17: {'x': 1413.0, 'y': 1496.0}, 18: {'x': 678.0, 'y': 1318.0}}"
025.jpg,"{0: {'x': 799.0, 'y': 996.0}, 1: {'x': 1370.0, 'y': 1052.0}, 2: {'x': 1240.0, 'y': 1336.0}, 3: {'x': 602.0, 'y': 1155.0}, 4: {'x': 1270.0, 'y': 1635.0}, 5: {'x': 1137.0, 'y': 2007.0}, 6: {'x': 1114.0, 'y': 2072.0}, 7: {'x': 1041.0, 'y': 2124.0}, 8: {'x': 1085.0, 'y': 2105.0}, 9: {'x': 635.0, 'y': 1756.0}, 10: {'x': 1270.0, 'y': 1847.0}, 11: {'x': 1271.0, 'y': 1840.0}, 12: {'x': 1472.0, 'y': 1764.0}, 13: {'x': 1371.0, 'y': 2021.0}, 14: {'x': 1426.0, 'y': 1649.0}, 15: {'x': 1229.0, 'y': 2157.0}, 16: {'x': 861.0, 'y': 1467.0}, 17: {'x': 1307.0, 'y': 1592.0}, 18: {'x': 648.0, 'y': 1306.0}}"
026.jpg,"{0: {'x': 843.0, 'y': 1069.0}, 1: {'x': 1451.0, 'y': 1022.0}, 2: {'x': 1345.0, 'y': 1280.0}, 3: {'x': 607.0, 'y': 1247.0}, 4: {'x': 1461.0, 'y': 1568.0}, 5: {'x': 1511.0, 'y': 1943.0}, 6: {'x': 1503.0, 'y': 2086.0}, 7: {'x': 1432.0, 'y': 2142.0}, 8: {'x': 1482.0, 'y': 2124.0}, 9: {'x': 822.0, 'y': 1766.0}, 10: {'x': 1535.0, 'y': 1762.0}, 11: {'x': 1540.0, 'y': 1759.0}, 12: {'x': 1631.0, 'y': 1671.0}, 13: {'x': 1691.0, 'y': 1870.0}, 14: {'x': 1571.0, 'y': 1543.0}, 15: {'x': 1617.0, 'y': 2088.0}, 16: {'x': 1024.0, 'y': 1493.0}, 17: {'x': 1499.0, 'y': 1491.0}, 18: {'x': 710.0, 'y': 1334.0}}"
027.jpg,"{0: {'x': 814.0, 'y': 1074.0}, 1: {'x': 1408.0, 'y': 981.0}, 2: {'x': 1298.0, 'y': 1236.0}, 3: {'x': 628.0, 'y': 1255.0}, 4: {'x': 1435.0, 'y': 1469.0}, 5: {'x': 1404.0, 'y': 1809.0}, 6: {'x': 1410.0, 'y': 1955.0}, 7: {'x': 1365.0, 'y': 2006.0}, 8: {'x': 1397.0, 'y': 1984.0}, 9: {'x': 733.0, 'y': 1740.0}, 10: {'x': 1497.0, 'y': 1665.0}, 11: {'x': 1518.0, 'y': 1690.0}, 12: {'x': 1603.0, 'y': 1627.0}, 13: {'x': 1572.0, 'y': 1834.0}, 14: {'x': 1544.0, 'y': 1491.0}, 15: {'x': 1507.0, 'y': 1992.0}, 16: {'x': 1017.0, 'y': 1416.0}, 17: {'x': 1447.0, 'y': 1436.0}, 18: {'x': 676.0, 'y': 1333.0}}"
028.jpg,"{0: {'x': 855.0, 'y': 1059.0}, 1: {'x': 1466.0, 'y': 1020.0}, 2: {'x': 1344.0, 'y': 1215.0}, 3: {'x': 631.0, 'y': 1220.0}, 4: {'x': 1459.0, 'y': 1509.0}, 5: {'x': 1446.0, 'y': 1837.0}, 6: {'x': 1448.0, 'y': 1950.0}, 7: {'x': 1383.0, 'y': 2005.0}, 8: {'x': 1430.0, 'y': 1986.0}, 9: {'x': 772.0, 'y': 1705.0}, 10: {'x': 1504.0, 'y': 1683.0}, 11: {'x': 1519.0, 'y': 1696.0}, 12: {'x': 1631.0, 'y': 1614.0}, 13: {'x': 1617.0, 'y': 1813.0}, 14: {'x': 1585.0, 'y': 1509.0}, 15: {'x': 1532.0, 'y': 1995.0}, 16: {'x': 1025.0, 'y': 1423.0}, 17: {'x': 1488.0, 'y': 1479.0}, 18: {'x': 705.0, 'y': 1337.0}}"
029.jpg,"{0: {'x': 764.0, 'y': 1035.0}, 1: {'x': 1396.0, 'y': 972.0}, 2: {'x': 1263.0, 'y': 1210.0}, 3: {'x': 618.0, 'y': 1201.0}, 4: {'x': 1404.0, 'y': 1507.0}, 5: {'x': 1402.0, 'y': 1892.0}, 6: {'x': 1385.0, 'y': 2033.0}, 7: {'x': 1303.0, 'y': 2096.0}, 8: {'x': 1359.0, 'y': 2079.0}, 9: {'x': 715.0, 'y': 1789.0}, 10: {'x': 1479.0, 'y': 1718.0}, 11: {'x': 1504.0, 'y': 1728.0}, 12: {'x': 1589.0, 'y': 1591.0}, 13: {'x': 1602.0, 'y': 1836.0}, 14: {'x': 1508.0, 'y': 1476.0}, 15: {'x': 1471.0, 'y': 2027.0}, 16: {'x': 983.0, 'y': 1451.0}, 17: {'x': 1420.0, 'y': 1435.0}, 18: {'x': 663.0, 'y': 1346.0}}"
030.jpg,"{0: {'x': 829.0, 'y': 1057.0}, 1: {'x': 1349.0, 'y': 1004.0}, 2: {'x': 1240.0, 'y': 1259.0}, 3: {'x': 596.0, 'y': 1249.0}, 4: {'x': 1319.0, 'y': 1602.0}, 5: {'x': 1285.0, 'y': 1964.0}, 6: {'x': 1272.0, 'y': 2139.0}, 7: {'x': 1214.0, 'y': 2189.0}, 8: {'x': 1254.0, 'y': 2171.0}, 9: {'x': 717.0, 'y': 1806.0}, 10: {'x': 1409.0, 'y': 1798.0}, 11: {'x': 1424.0, 'y': 1810.0}, 12: {'x': 1522.0, 'y': 1702.0}, 13: {'x': 1514.0, 'y': 1921.0}, 14: {'x': 1441.0, 'y': 1576.0}, 15: {'x': 1393.0, 'y': 2114.0}, 16: {'x': 953.0, 'y': 1501.0}, 17: {'x': 1315.0, 'y': 1525.0}, 18: {'x': 675.0, 'y': 1349.0}}"
031.jpg,"{0: {'x': 802.0, 'y': 1063.0}, 1: {'x': 1401.0, 'y': 979.0}, 2: {'x': 1296.0, 'y': 1221.0}, 3: {'x': 582.0, 'y': 1234.0}, 4: {'x': 1451.0, 'y': 1492.0}, 5: {'x': 1442.0, 'y': 1785.0}, 6: {'x': 1476.0, 'y': 1895.0}, 7: {'x': 1426.0, 'y': 1964.0}, 8: {'x': 1465.0, 'y': 1939.0}, 9: {'x': 799.0, 'y': 1734.0}, 10: {'x': 1474.0, 'y': 1638.0}, 11: {'x': 1512.0, 'y': 1654.0}, 12: {'x': 1611.0, 'y': 1575.0}, 13: {'x': 1605.0, 'y': 1741.0}, 14: {'x': 1559.0, 'y': 1471.0}, 15: {'x': 1568.0, 'y': 1924.0}, 16: {'x': 1024.0, 'y': 1469.0}, 17: {'x': 1441.0, 'y': 1437.0}, 18: {'x': 665.0, 'y': 1321.0}}"
032.jpg,"{0: {'x': 754.0, 'y': 1008.0}, 1: {'x': 1308.0, 'y': 875.0}, 2: {'x': 1221.0, 'y': 1133.0}, 3: {'x': 537.0, 'y': 1182.0}, 4: {'x': 1338.0, 'y': 1396.0}, 5: {'x': 1303.0, 'y': 1750.0}, 6: {'x': 1313.0, 'y': 1909.0}, 7: {'x': 1263.0, 'y': 1966.0}, 8: {'x': 1303.0, 'y': 1950.0}, 9: {'x': 696.0, 'y': 1648.0}, 10: {'x': 1364.0, 'y': 1551.0}, 11: {'x': 1392.0, 'y': 1559.0}, 12: {'x': 1544.0, 'y': 1493.0}, 13: {'x': 1529.0, 'y': 1760.0}, 14: {'x': 1459.0, 'y': 1357.0}, 15: {'x': 1407.0, 'y': 1935.0}, 16: {'x': 934.0, 'y': 1325.0}, 17: {'x': 1343.0, 'y': 1297.0}, 18: {'x': 621.0, 'y': 1270.0}}"
033.jpg,"{0: {'x': 820.0, 'y': 1083.0}, 1: {'x': 1459.0, 'y': 1102.0}, 2: {'x': 1289.0, 'y': 1326.0}, 3: {'x': 558.0, 'y': 1210.0}, 4: {'x': 1365.0, 'y': 1628.0}, 5: {'x': 1378.0, 'y': 1984.0}, 6: {'x': 1408.0, 'y': 2097.0}, 7: {'x': 1339.0, 'y': 2161.0}, 8: {'x': 1390.0, 'y': 2141.0}, 9: {'x': 698.0, 'y': 1837.0}, 10: {'x': 1412.0, 'y': 1804.0}, 11: {'x': 1388.0, 'y': 1817.0}, 12: {'x': 1566.0, 'y': 1765.0}, 13: {'x': 1565.0, 'y': 1958.0}, 14: {'x': 1502.0, 'y': 1663.0}, 15: {'x': 1482.0, 'y': 2150.0}, 16: {'x': 951.0, 'y': 1535.0}, 17: {'x': 1400.0, 'y': 1597.0}, 18: {'x': 621.0, 'y': 1335.0}}"
034.jpg,"{0: {'x': 820.0, 'y': 1069.0}, 1: {'x': 1377.0, 'y': 963.0}, 2: {'x': 1297.0, 'y': 1206.0}, 3: {'x': 613.0, 'y': 1271.0}, 4: {'x': 1456.0, 'y': 1487.0}, 5: {'x': 1474.0, 'y': 1791.0}, 6: {'x': 1494.0, 'y': 1935.0}, 7: {'x': 1430.0, 'y': 2006.0}, 8: {'x': 1475.0, 'y': 1983.0}, 9: {'x': 817.0, 'y': 1778.0}, 10: {'x': 1503.0, 'y': 1646.0}, 11: {'x': 1521.0, 'y': 1649.0}, 12: {'x': 1619.0, 'y': 1551.0}, 13: {'x': 1639.0, 'y': 1704.0}, 14: {'x': 1550.0, 'y': 1440.0}, 15: {'x': 1553.0, 'y': 1931.0}, 16: {'x': 1003.0, 'y': 1448.0}, 17: {'x': 1458.0, 'y': 1419.0}, 18: {'x': 702.0, 'y': 1390.0}}"
035.jpg,"{0: {'x': 764.0, 'y': 1005.0}, 1: {'x': 1341.0, 'y': 950.0}, 2: {'x': 1218.0, 'y': 1214.0}, 3: {'x': 590.0, 'y': 1188.0}, 4: {'x': 1304.0, 'y': 1460.0}, 5: {'x': 1320.0, 'y': 1820.0}, 6: {'x': 1324.0, 'y': 1908.0}, 7: {'x': 1261.0, 'y': 1968.0}, 8: {'x': 1305.0, 'y': 1950.0}, 9: {'x': 710.0, 'y': 1681.0}, 10: {'x': 1355.0, 'y': 1636.0}, 11: {'x': 1335.0, 'y': 1649.0}, 12: {'x': 1468.0, 'y': 1543.0}, 13: {'x': 1461.0, 'y': 1753.0}, 14: {'x': 1413.0, 'y': 1447.0}, 15: {'x': 1411.0, 'y': 1966.0}, 16: {'x': 939.0, 'y': 1377.0}, 17: {'x': 1348.0, 'y': 1416.0}, 18: {'x': 660.0, 'y': 1264.0}}"
036.jpg,"{0: {'x': 742.0, 'y': 1021.0}, 1: {'x': 1327.0, 'y': 1003.0}, 2: {'x': 1199.0, 'y': 1263.0}, 3: {'x': 518.0, 'y': 1193.0}, 4: {'x': 1248.0, 'y': 1523.0}, 5: {'x': 1255.0, 'y': 1916.0}, 6: {'x': 1258.0, 'y': 2028.0}, 7: {'x': 1197.0, 'y': 2082.0}, 8: {'x': 1237.0, 'y': 2065.0}, 9: {'x': 619.0, 'y': 1749.0}, 10: {'x': 1294.0, 'y': 1738.0}, 11: {'x': 1296.0, 'y': 1732.0}, 12: {'x': 1413.0, 'y': 1631.0}, 13: {'x': 1388.0, 'y': 1831.0}, 14: {'x': 1375.0, 'y': 1529.0}, 15: {'x': 1340.0, 'y': 2065.0}, 16: {'x': 885.0, 'y': 1421.0}, 17: {'x': 1291.0, 'y': 1488.0}, 18: {'x': 584.0, 'y': 1274.0}}"
037.jpg,"{0: {'x': 808.0, 'y': 1029.0}, 1: {'x': 1393.0, 'y': 1052.0}, 2: {'x': 1252.0, 'y': 1300.0}, 3: {'x': 583.0, 'y': 1184.0}, 4: {'x': 1321.0, 'y': 1591.0}, 5: {'x': 1391.0, 'y': 1969.0}, 6: {'x': 1390.0, 'y': 2138.0}, 7: {'x': 1341.0, 'y': 2189.0}, 8: {'x': 1376.0, 'y': 2171.0}, 9: {'x': 741.0, 'y': 1812.0}, 10: {'x': 1437.0, 'y': 1789.0}, 11: {'x': 1371.0, 'y': 1818.0}, 12: {'x': 1491.0, 'y': 1733.0}, 13: {'x': 1538.0, 'y': 1869.0}, 14: {'x': 1421.0, 'y': 1614.0}, 15: {'x': 1491.0, 'y': 2125.0}, 16: {'x': 926.0, 'y': 1448.0}, 17: {'x': 1347.0, 'y': 1545.0}, 18: {'x': 643.0, 'y': 1261.0}}"
038.jpg,"{0: {'x': 817.0, 'y': 1041.0}, 1: {'x': 1381.0, 'y': 1072.0}, 2: {'x': 1261.0, 'y': 1303.0}, 3: {'x': 572.0, 'y': 1199.0}, 4: {'x': 1302.0, 'y': 1586.0}, 5: {'x': 1244.0, 'y': 1886.0}, 6: {'x': 1221.0, 'y': 2006.0}, 7: {'x': 1149.0, 'y': 2067.0}, 8: {'x': 1193.0, 'y': 2046.0}, 9: {'x': 664.0, 'y': 1729.0}, 10: {'x': 1315.0, 'y': 1747.0}, 11: {'x': 1334.0, 'y': 1772.0}, 12: {'x': 1453.0, 'y': 1725.0}, 13: {'x': 1418.0, 'y': 1860.0}, 14: {'x': 1456.0, 'y': 1594.0}, 15: {'x': 1279.0, 'y': 2063.0}, 16: {'x': 914.0, 'y': 1468.0}, 17: {'x': 1325.0, 'y': 1559.0}, 18: {'x': 631.0, 'y': 1319.0}}"
039.jpg,"{0: {'x': 885.0, 'y': 1085.0}, 1: {'x': 1457.0, 'y': 991.0}, 2: {'x': 1329.0, 'y': 1247.0}, 3: {'x': 657.0, 'y': 1223.0}, 4: {'x': 1426.0, 'y': 1509.0}, 5: {'x': 1387.0, 'y': 1817.0}, 6: {'x': 1411.0, 'y': 1945.0}, 7: {'x': 1333.0, 'y': 2014.0}, 8: {'x': 1392.0, 'y': 1996.0}, 9: {'x': 774.0, 'y': 1794.0}, 10: {'x': 1420.0, 'y': 1664.0}, 11: {'x': 1473.0, 'y': 1707.0}, 12: {'x': 1564.0, 'y': 1637.0}, 13: {'x': 1550.0, 'y': 1793.0}, 14: {'x': 1512.0, 'y': 1512.0}, 15: {'x': 1524.0, 'y': 1991.0}, 16: {'x': 1045.0, 'y': 1453.0}, 17: {'x': 1405.0, 'y': 1472.0}, 18: {'x': 713.0, 'y': 1354.0}}"
040.jpg,"{0: {'x': 796.0, 'y': 995.0}, 1: {'x': 1364.0, 'y': 927.0}, 2: {'x': 1244.0, 'y': 1186.0}, 3: {'x': 555.0, 'y': 1172.0}, 4: {'x': 1350.0, 'y': 1483.0}, 5: {'x': 1273.0, 'y': 1818.0}, 6: {'x': 1239.0, 'y': 1957.0}, 7: {'x': 1166.0, 'y': 2007.0}, 8: {'x': 1214.0, 'y': 1991.0}, 9: {'x': 624.0, 'y': 1662.0}, 10: {'x': 1376.0, 'y': 1680.0}, 11: {'x': 1392.0, 'y': 1689.0}, 12: {'x': 1482.0, 'y': 1595.0}, 13: {'x': 1440.0, 'y': 1814.0}, 14: {'x': 1434.0, 'y': 1478.0}, 15: {'x': 1314.0, 'y': 1987.0}, 16: {'x': 964.0, 'y': 1366.0}, 17: {'x': 1339.0, 'y': 1384.0}, 18: {'x': 640.0, 'y': 1252.0}}"
041.jpg,"{0: {'x': 816.0, 'y': 1013.0}, 1: {'x': 1433.0, 'y': 953.0}, 2: {'x': 1303.0, 'y': 1245.0}, 3: {'x': 600.0, 'y': 1217.0}, 4: {'x': 1446.0, 'y': 1494.0}, 5: {'x': 1476.0, 'y': 1807.0}, 6: {'x': 1509.0, 'y': 1934.0}, 7: {'x': 1447.0, 'y': 2023.0}, 8: {'x': 1498.0, 'y': 1987.0}, 9: {'x': 746.0, 'y': 1907.0}, 10: {'x': 1471.0, 'y': 1653.0}, 11: {'x': 1503.0, 'y': 1689.0}, 12: {'x': 1638.0, 'y': 1599.0}, 13: {'x': 1625.0, 'y': 1753.0}, 14: {'x': 1576.0, 'y': 1497.0}, 15: {'x': 1591.0, 'y': 1989.0}, 16: {'x': 1001.0, 'y': 1439.0}, 17: {'x': 1462.0, 'y': 1442.0}, 18: {'x': 659.0, 'y': 1363.0}}"
042.jpg,"{0: {'x': 757.0, 'y': 1091.0}, 1: {'x': 1349.0, 'y': 879.0}, 2: {'x': 1254.0, 'y': 1129.0}, 3: {'x': 574.0, 'y': 1260.0}, 4: {'x': 1406.0, 'y': 1447.0}, 5: {'x': 1318.0, 'y': 1736.0}, 6: {'x': 1327.0, 'y': 1854.0}, 7: {'x': 1272.0, 'y': 1923.0}, 8: {'x': 1309.0, 'y': 1897.0}, 9: {'x': 723.0, 'y': 1664.0}, 10: {'x': 1369.0, 'y': 1591.0}, 11: {'x': 1413.0, 'y': 1623.0}, 12: {'x': 1543.0, 'y': 1508.0}, 13: {'x': 1507.0, 'y': 1689.0}, 14: {'x': 1514.0, 'y': 1403.0}, 15: {'x': 1438.0, 'y': 1813.0}, 16: {'x': 995.0, 'y': 1400.0}, 17: {'x': 1416.0, 'y': 1356.0}, 18: {'x': 685.0, 'y': 1348.0}}"
043.jpg,"{0: {'x': 785.0, 'y': 1094.0}, 1: {'x': 1326.0, 'y': 993.0}, 2: {'x': 1260.0, 'y': 1215.0}, 3: {'x': 593.0, 'y': 1257.0}, 4: {'x': 1372.0, 'y': 1505.0}, 5: {'x': 1350.0, 'y': 1797.0}, 6: {'x': 1354.0, 'y': 1902.0}, 7: {'x': 1293.0, 'y': 1963.0}, 8: {'x': 1336.0, 'y': 1940.0}, 9: {'x': 702.0, 'y': 1711.0}, 10: {'x': 1391.0, 'y': 1633.0}, 11: {'x': 1458.0, 'y': 1684.0}, 12: {'x': 1534.0, 'y': 1558.0}, 13: {'x': 1490.0, 'y': 1794.0}, 14: {'x': 1459.0, 'y': 1463.0}, 15: {'x': 1417.0, 'y': 1944.0}, 16: {'x': 981.0, 'y': 1468.0}, 17: {'x': 1390.0, 'y': 1434.0}, 18: {'x': 667.0, 'y': 1367.0}}"
044.jpg,"{0: {'x': 763.0, 'y': 1082.0}, 1: {'x': 1348.0, 'y': 970.0}, 2: {'x': 1280.0, 'y': 1216.0}, 3: {'x': 606.0, 'y': 1286.0}, 4: {'x': 1378.0, 'y': 1523.0}, 5: {'x': 1276.0, 'y': 1834.0}, 6: {'x': 1260.0, 'y': 1959.0}, 7: {'x': 1206.0, 'y': 1998.0}, 8: {'x': 1244.0, 'y': 1990.0}, 9: {'x': 687.0, 'y': 1693.0}, 10: {'x': 1372.0, 'y': 1690.0}, 11: {'x': 1402.0, 'y': 1715.0}, 12: {'x': 1498.0, 'y': 1623.0}, 13: {'x': 1465.0, 'y': 1802.0}, 14: {'x': 1469.0, 'y': 1501.0}, 15: {'x': 1353.0, 'y': 1949.0}, 16: {'x': 960.0, 'y': 1425.0}, 17: {'x': 1386.0, 'y': 1448.0}, 18: {'x': 667.0, 'y': 1351.0}}"
045.jpg,"{0: {'x': 739.0, 'y': 1081.0}, 1: {'x': 1320.0, 'y': 935.0}, 2: {'x': 1253.0, 'y': 1186.0}, 3: {'x': 590.0, 'y': 1234.0}, 4: {'x': 1372.0, 'y': 1471.0}, 5: {'x': 1296.0, 'y': 1804.0}, 6: {'x': 1291.0, 'y': 1924.0}, 7: {'x': 1235.0, 'y': 1963.0}, 8: {'x': 1271.0, 'y': 1956.0}, 9: {'x': 715.0, 'y': 1702.0}, 10: {'x': 1390.0, 'y': 1652.0}, 11: {'x': 1422.0, 'y': 1672.0}, 12: {'x': 1524.0, 'y': 1592.0}, 13: {'x': 1490.0, 'y': 1758.0}, 14: {'x': 1484.0, 'y': 1451.0}, 15: {'x': 1393.0, 'y': 1930.0}, 16: {'x': 957.0, 'y': 1415.0}, 17: {'x': 1377.0, 'y': 1409.0}, 18: {'x': 649.0, 'y': 1315.0}}"
046.jpg,"{0: {'x': 809.0, 'y': 1033.0}, 1: {'x': 1378.0, 'y': 965.0}, 2: {'x': 1297.0, 'y': 1211.0}, 3: {'x': 579.0, 'y': 1203.0}, 4: {'x': 1377.0, 'y': 1491.0}, 5: {'x': 1339.0, 'y': 1834.0}, 6: {'x': 1308.0, 'y': 1976.0}, 7: {'x': 1245.0, 'y': 2041.0}, 8: {'x': 1287.0, 'y': 2022.0}, 9: {'x': 727.0, 'y': 1698.0}, 10: {'x': 1433.0, 'y': 1681.0}, 11: {'x': 1474.0, 'y': 1667.0}, 12: {'x': 1576.0, 'y': 1564.0}, 13: {'x': 1542.0, 'y': 1809.0}, 14: {'x': 1466.0, 'y': 1450.0}, 15: {'x': 1401.0, 'y': 2000.0}, 16: {'x': 962.0, 'y': 1413.0}, 17: {'x': 1396.0, 'y': 1395.0}, 18: {'x': 644.0, 'y': 1309.0}}"
047.jpg,"{0: {'x': 752.0, 'y': 1081.0}, 1: {'x': 1322.0, 'y': 1030.0}, 2: {'x': 1211.0, 'y': 1271.0}, 3: {'x': 584.0, 'y': 1253.0}, 4: {'x': 1350.0, 'y': 1575.0}, 5: {'x': 1305.0, 'y': 1895.0}, 6: {'x': 1296.0, 'y': 2018.0}, 7: {'x': 1254.0, 'y': 2078.0}, 8: {'x': 1284.0, 'y': 2058.0}, 9: {'x': 634.0, 'y': 1756.0}, 10: {'x': 1379.0, 'y': 1725.0}, 11: {'x': 1412.0, 'y': 1748.0}, 12: {'x': 1508.0, 'y': 1644.0}, 13: {'x': 1466.0, 'y': 1842.0}, 14: {'x': 1470.0, 'y': 1525.0}, 15: {'x': 1388.0, 'y': 2046.0}, 16: {'x': 927.0, 'y': 1515.0}, 17: {'x': 1326.0, 'y': 1495.0}, 18: {'x': 640.0, 'y': 1345.0}}"
048.jpg,"{0: {'x': 817.0, 'y': 1030.0}, 1: {'x': 1389.0, 'y': 927.0}, 2: {'x': 1291.0, 'y': 1156.0}, 3: {'x': 638.0, 'y': 1253.0}, 4: {'x': 1383.0, 'y': 1491.0}, 5: {'x': 1347.0, 'y': 1814.0}, 6: {'x': 1325.0, 'y': 1971.0}, 7: {'x': 1282.0, 'y': 2031.0}, 8: {'x': 1314.0, 'y': 2012.0}, 9: {'x': 742.0, 'y': 1702.0}, 10: {'x': 1411.0, 'y': 1662.0}, 11: {'x': 1435.0, 'y': 1678.0}, 12: {'x': 1551.0, 'y': 1558.0}, 13: {'x': 1509.0, 'y': 1803.0}, 14: {'x': 1498.0, 'y': 1462.0}, 15: {'x': 1438.0, 'y': 1972.0}, 16: {'x': 994.0, 'y': 1429.0}, 17: {'x': 1407.0, 'y': 1426.0}, 18: {'x': 697.0, 'y': 1340.0}}"
049.jpg,"{0: {'x': 740.0, 'y': 1109.0}, 1: {'x': 1255.0, 'y': 942.0}, 2: {'x': 1191.0, 'y': 1195.0}, 3: {'x': 607.0, 'y': 1294.0}, 4: {'x': 1316.0, 'y': 1415.0}, 5: {'x': 1323.0, 'y': 1757.0}, 6: {'x': 1343.0, 'y': 1837.0}, 7: {'x': 1294.0, 'y': 1883.0}, 8: {'x': 1331.0, 'y': 1868.0}, 9: {'x': 752.0, 'y': 1664.0}, 10: {'x': 1304.0, 'y': 1596.0}, 11: {'x': 1373.0, 'y': 1598.0}, 12: {'x': 1455.0, 'y': 1446.0}, 13: {'x': 1455.0, 'y': 1580.0}, 14: {'x': 1417.0, 'y': 1388.0}, 15: {'x': 1426.0, 'y': 1814.0}, 16: {'x': 931.0, 'y': 1366.0}, 17: {'x': 1331.0, 'y': 1368.0}, 18: {'x': 657.0, 'y': 1384.0}}"
050.jpg,"{0: {'x': 898.0, 'y': 1044.0}, 1: {'x': 1536.0, 'y': 1007.0}, 2: {'x': 1382.0, 'y': 1265.0}, 3: {'x': 654.0, 'y': 1211.0}, 4: {'x': 1522.0, 'y': 1571.0}, 5: {'x': 1484.0, 'y': 1954.0}, 6: {'x': 1482.0, 'y': 2069.0}, 7: {'x': 1408.0, 'y': 2154.0}, 8: {'x': 1461.0, 'y': 2130.0}, 9: {'x': 818.0, 'y': 1821.0}, 10: {'x': 1546.0, 'y': 1810.0}, 11: {'x': 1581.0, 'y': 1758.0}, 12: {'x': 1700.0, 'y': 1693.0}, 13: {'x': 1664.0, 'y': 1860.0}, 14: {'x': 1666.0, 'y': 1576.0}, 15: {'x': 1587.0, 'y': 2093.0}, 16: {'x': 1070.0, 'y': 1480.0}, 17: {'x': 1545.0, 'y': 1519.0}, 18: {'x': 720.0, 'y': 1340.0}}"
051.jpg,"{0: {'x': 799.0, 'y': 1063.0}, 1: {'x': 1354.0, 'y': 987.0}, 2: {'x': 1273.0, 'y': 1211.0}, 3: {'x': 602.0, 'y': 1235.0}, 4: {'x': 1360.0, 'y': 1474.0}, 5: {'x': 1352.0, 'y': 1822.0}, 6: {'x': 1360.0, 'y': 1901.0}, 7: {'x': 1308.0, 'y': 1951.0}, 8: {'x': 1344.0, 'y': 1938.0}, 9: {'x': 663.0, 'y': 1747.0}, 10: {'x': 1376.0, 'y': 1630.0}, 11: {'x': 1414.0, 'y': 1674.0}, 12: {'x': 1528.0, 'y': 1572.0}, 13: {'x': 1501.0, 'y': 1755.0}, 14: {'x': 1476.0, 'y': 1465.0}, 15: {'x': 1448.0, 'y': 1945.0}, 16: {'x': 969.0, 'y': 1425.0}, 17: {'x': 1379.0, 'y': 1433.0}, 18: {'x': 666.0, 'y': 1349.0}}"
052.jpg,"{0: {'x': 800.0, 'y': 1041.0}, 1: {'x': 1467.0, 'y': 955.0}, 2: {'x': 1293.0, 'y': 1209.0}, 3: {'x': 611.0, 'y': 1201.0}, 4: {'x': 1437.0, 'y': 1548.0}, 5: {'x': 1508.0, 'y': 1907.0}, 6: {'x': 1529.0, 'y': 2070.0}, 7: {'x': 1454.0, 'y': 2157.0}, 8: {'x': 1509.0, 'y': 2132.0}, 9: {'x': 800.0, 'y': 1847.0}, 10: {'x': 1551.0, 'y': 1739.0}, 11: {'x': 1530.0, 'y': 1730.0}, 12: {'x': 1665.0, 'y': 1643.0}, 13: {'x': 1690.0, 'y': 1858.0}, 14: {'x': 1575.0, 'y': 1526.0}, 15: {'x': 1657.0, 'y': 2128.0}, 16: {'x': 985.0, 'y': 1441.0}, 17: {'x': 1440.0, 'y': 1489.0}, 18: {'x': 663.0, 'y': 1350.0}}"
053.jpg,"{0: {'x': 938.0, 'y': 1010.0}, 1: {'x': 1502.0, 'y': 1010.0}, 2: {'x': 1394.0, 'y': 1245.0}, 3: {'x': 694.0, 'y': 1149.0}, 4: {'x': 1468.0, 'y': 1531.0}, 5: {'x': 1387.0, 'y': 1848.0}, 6: {'x': 1376.0, 'y': 1985.0}, 7: {'x': 1317.0, 'y': 2038.0}, 8: {'x': 1359.0, 'y': 2020.0}, 9: {'x': 725.0, 'y': 1722.0}, 10: {'x': 1452.0, 'y': 1696.0}, 11: {'x': 1493.0, 'y': 1743.0}, 12: {'x': 1612.0, 'y': 1655.0}, 13: {'x': 1549.0, 'y': 1872.0}, 14: {'x': 1569.0, 'y': 1526.0}, 15: {'x': 1475.0, 'y': 2026.0}, 16: {'x': 1061.0, 'y': 1421.0}, 17: {'x': 1502.0, 'y': 1483.0}, 18: {'x': 722.0, 'y': 1270.0}}"
054.jpg,"{0: {'x': 776.0, 'y': 1039.0}, 1: {'x': 1370.0, 'y': 909.0}, 2: {'x': 1261.0, 'y': 1178.0}, 3: {'x': 560.0, 'y': 1215.0}, 4: {'x': 1384.0, 'y': 1465.0}, 5: {'x': 1382.0, 'y': 1797.0}, 6: {'x': 1369.0, 'y': 1899.0}, 7: {'x': 1300.0, 'y': 1957.0}, 8: {'x': 1346.0, 'y': 1938.0}, 9: {'x': 692.0, 'y': 1706.0}, 10: {'x': 1459.0, 'y': 1625.0}, 11: {'x': 1505.0, 'y': 1647.0}, 12: {'x': 1577.0, 'y': 1534.0}, 13: {'x': 1567.0, 'y': 1721.0}, 14: {'x': 1532.0, 'y': 1425.0}, 15: {'x': 1475.0, 'y': 1921.0}, 16: {'x': 965.0, 'y': 1411.0}, 17: {'x': 1390.0, 'y': 1403.0}, 18: {'x': 623.0, 'y': 1334.0}}"
055.jpg,"{0: {'x': 836.0, 'y': 1044.0}, 1: {'x': 1351.0, 'y': 957.0}, 2: {'x': 1274.0, 'y': 1198.0}, 3: {'x': 586.0, 'y': 1228.0}, 4: {'x': 1369.0, 'y': 1428.0}, 5: {'x': 1407.0, 'y': 1751.0}, 6: {'x': 1401.0, 'y': 1853.0}, 7: {'x': 1350.0, 'y': 1904.0}, 8: {'x': 1385.0, 'y': 1887.0}, 9: {'x': 760.0, 'y': 1682.0}, 10: {'x': 1452.0, 'y': 1595.0}, 11: {'x': 1446.0, 'y': 1588.0}, 12: {'x': 1568.0, 'y': 1529.0}, 13: {'x': 1550.0, 'y': 1745.0}, 14: {'x': 1519.0, 'y': 1423.0}, 15: {'x': 1487.0, 'y': 1906.0}, 16: {'x': 981.0, 'y': 1385.0}, 17: {'x': 1387.0, 'y': 1400.0}, 18: {'x': 665.0, 'y': 1314.0}}"
056.jpg,"{0: {'x': 807.0, 'y': 1058.0}, 1: {'x': 1423.0, 'y': 1013.0}, 2: {'x': 1271.0, 'y': 1309.0}, 3: {'x': 594.0, 'y': 1263.0}, 4: {'x': 1315.0, 'y': 1604.0}, 5: {'x': 1195.0, 'y': 1949.0}, 6: {'x': 1168.0, 'y': 2084.0}, 7: {'x': 1106.0, 'y': 2123.0}, 8: {'x': 1148.0, 'y': 2115.0}, 9: {'x': 673.0, 'y': 1743.0}, 10: {'x': 1316.0, 'y': 1768.0}, 11: {'x': 1399.0, 'y': 1818.0}, 12: {'x': 1516.0, 'y': 1672.0}, 13: {'x': 1407.0, 'y': 1958.0}, 14: {'x': 1445.0, 'y': 1574.0}, 15: {'x': 1281.0, 'y': 2103.0}, 16: {'x': 937.0, 'y': 1487.0}, 17: {'x': 1339.0, 'y': 1505.0}, 18: {'x': 669.0, 'y': 1340.0}}"
057.jpg,"{0: {'x': 760.0, 'y': 1056.0}, 1: {'x': 1362.0, 'y': 933.0}, 2: {'x': 1246.0, 'y': 1196.0}, 3: {'x': 545.0, 'y': 1263.0}, 4: {'x': 1370.0, 'y': 1439.0}, 5: {'x': 1304.0, 'y': 1772.0}, 6: {'x': 1296.0, 'y': 1888.0}, 7: {'x': 1239.0, 'y': 1935.0}, 8: {'x': 1278.0, 'y': 1921.0}, 9: {'x': 772.0, 'y': 1682.0}, 10: {'x': 1366.0, 'y': 1614.0}, 11: {'x': 1394.0, 'y': 1631.0}, 12: {'x': 1542.0, 'y': 1514.0}, 13: {'x': 1474.0, 'y': 1746.0}, 14: {'x': 1472.0, 'y': 1411.0}, 15: {'x': 1382.0, 'y': 1899.0}, 16: {'x': 974.0, 'y': 1404.0}, 17: {'x': 1383.0, 'y': 1384.0}, 18: {'x': 671.0, 'y': 1371.0}}"
058.jpg,"{0: {'x': 726.0, 'y': 1107.0}, 1: {'x': 1248.0, 'y': 1013.0}, 2: {'x': 1169.0, 'y': 1252.0}, 3: {'x': 552.0, 'y': 1262.0}, 4: {'x': 1268.0, 'y': 1472.0}, 5: {'x': 1240.0, 'y': 1747.0}, 6: {'x': 1222.0, 'y': 1856.0}, 7: {'x': 1155.0, 'y': 1904.0}, 8: {'x': 1199.0, 'y': 1894.0}, 9: {'x': 697.0, 'y': 1705.0}, 10: {'x': 1286.0, 'y': 1608.0}, 11: {'x': 1269.0, 'y': 1603.0}, 12: {'x': 1411.0, 'y': 1548.0}, 13: {'x': 1408.0, 'y': 1673.0}, 14: {'x': 1363.0, 'y': 1449.0}, 15: {'x': 1343.0, 'y': 1842.0}, 16: {'x': 896.0, 'y': 1421.0}, 17: {'x': 1281.0, 'y': 1437.0}, 18: {'x': 625.0, 'y': 1373.0}}"
059.jpg,"{0: {'x': 775.0, 'y': 1107.0}, 1: {'x': 1290.0, 'y': 994.0}, 2: {'x': 1211.0, 'y': 1231.0}, 3: {'x': 557.0, 'y': 1245.0}, 4: {'x': 1350.0, 'y': 1469.0}, 5: {'x': 1328.0, 'y': 1747.0}, 6: {'x': 1321.0, 'y': 1839.0}, 7: {'x': 1253.0, 'y': 1902.0}, 8: {'x': 1299.0, 'y': 1879.0}, 9: {'x': 736.0, 'y': 1697.0}, 10: {'x': 1362.0, 'y': 1597.0}, 11: {'x': 1364.0, 'y': 1589.0}, 12: {'x': 1476.0, 'y': 1523.0}, 13: {'x': 1463.0, 'y': 1672.0}, 14: {'x': 1408.0, 'y': 1415.0}, 15: {'x': 1401.0, 'y': 1871.0}, 16: {'x': 959.0, 'y': 1410.0}, 17: {'x': 1356.0, 'y': 1385.0}, 18: {'x': 665.0, 'y': 1360.0}}"
060.jpg,"{0: {'x': 817.0, 'y': 1090.0}, 1: {'x': 1422.0, 'y': 1062.0}, 2: {'x': 1283.0, 'y': 1315.0}, 3: {'x': 606.0, 'y': 1215.0}, 4: {'x': 1355.0, 'y': 1596.0}, 5: {'x': 1341.0, 'y': 1971.0}, 6: {'x': 1347.0, 'y': 2117.0}, 7: {'x': 1289.0, 'y': 2166.0}, 8: {'x': 1330.0, 'y': 2149.0}, 9: {'x': 791.0, 'y': 1749.0}, 10: {'x': 1364.0, 'y': 1804.0}, 11: {'x': 1280.0, 'y': 1785.0}, 12: {'x': 1513.0, 'y': 1701.0}, 13: {'x': 1504.0, 'y': 1914.0}, 14: {'x': 1467.0, 'y': 1600.0}, 15: {'x': 1437.0, 'y': 2110.0}, 16: {'x': 961.0, 'y': 1475.0}, 17: {'x': 1362.0, 'y': 1547.0}, 18: {'x': 696.0, 'y': 1325.0}}"
061.jpg,"{0: {'x': 817.0, 'y': 988.0}, 1: {'x': 1424.0, 'y': 881.0}, 2: {'x': 1316.0, 'y': 1127.0}, 3: {'x': 606.0, 'y': 1141.0}, 4: {'x': 1478.0, 'y': 1410.0}, 5: {'x': 1451.0, 'y': 1745.0}, 6: {'x': 1459.0, 'y': 1843.0}, 7: {'x': 1400.0, 'y': 1908.0}, 8: {'x': 1444.0, 'y': 1881.0}, 9: {'x': 783.0, 'y': 1689.0}, 10: {'x': 1504.0, 'y': 1562.0}, 11: {'x': 1515.0, 'y': 1562.0}, 12: {'x': 1644.0, 'y': 1504.0}, 13: {'x': 1636.0, 'y': 1679.0}, 14: {'x': 1574.0, 'y': 1379.0}, 15: {'x': 1578.0, 'y': 1911.0}, 16: {'x': 998.0, 'y': 1340.0}, 17: {'x': 1487.0, 'y': 1338.0}, 18: {'x': 666.0, 'y': 1246.0}}"
062.jpg,"{0: {'x': 821.0, 'y': 1060.0}, 1: {'x': 1401.0, 'y': 990.0}, 2: {'x': 1320.0, 'y': 1217.0}, 3: {'x': 609.0, 'y': 1252.0}, 4: {'x': 1429.0, 'y': 1528.0}, 5: {'x': 1357.0, 'y': 1869.0}, 6: {'x': 1327.0, 'y': 2012.0}, 7: {'x': 1266.0, 'y': 2064.0}, 8: {'x': 1307.0, 'y': 2051.0}, 9: {'x': 749.0, 'y': 1710.0}, 10: {'x': 1486.0, 'y': 1729.0}, 11: {'x': 1497.0, 'y': 1727.0}, 12: {'x': 1594.0, 'y': 1626.0}, 13: {'x': 1584.0, 'y': 1823.0}, 14: {'x': 1530.0, 'y': 1523.0}, 15: {'x': 1425.0, 'y': 2009.0}, 16: {'x': 998.0, 'y': 1448.0}, 17: {'x': 1454.0, 'y': 1463.0}, 18: {'x': 676.0, 'y': 1344.0}}"
063.jpg,"{0: {'x': 833.0, 'y': 1048.0}, 1: {'x': 1417.0, 'y': 1051.0}, 2: {'x': 1300.0, 'y': 1260.0}, 3: {'x': 616.0, 'y': 1201.0}, 4: {'x': 1401.0, 'y': 1528.0}, 5: {'x': 1410.0, 'y': 1888.0}, 6: {'x': 1399.0, 'y': 1993.0}, 7: {'x': 1333.0, 'y': 2048.0}, 8: {'x': 1374.0, 'y': 2025.0}, 9: {'x': 734.0, 'y': 1731.0}, 10: {'x': 1450.0, 'y': 1728.0}, 11: {'x': 1459.0, 'y': 1729.0}, 12: {'x': 1561.0, 'y': 1679.0}, 13: {'x': 1567.0, 'y': 1817.0}, 14: {'x': 1490.0, 'y': 1519.0}, 15: {'x': 1498.0, 'y': 2057.0}, 16: {'x': 988.0, 'y': 1427.0}, 17: {'x': 1425.0, 'y': 1463.0}, 18: {'x': 652.0, 'y': 1336.0}}"
064.jpg,"{0: {'x': 798.0, 'y': 1074.0}, 1: {'x': 1342.0, 'y': 1010.0}, 2: {'x': 1270.0, 'y': 1217.0}, 3: {'x': 602.0, 'y': 1252.0}, 4: {'x': 1381.0, 'y': 1523.0}, 5: {'x': 1323.0, 'y': 1819.0}, 6: {'x': 1315.0, 'y': 1923.0}, 7: {'x': 1252.0, 'y': 1974.0}, 8: {'x': 1295.0, 'y': 1961.0}, 9: {'x': 756.0, 'y': 1697.0}, 10: {'x': 1385.0, 'y': 1658.0}, 11: {'x': 1416.0, 'y': 1680.0}, 12: {'x': 1524.0, 'y': 1576.0}, 13: {'x': 1471.0, 'y': 1785.0}, 14: {'x': 1453.0, 'y': 1463.0}, 15: {'x': 1409.0, 'y': 1962.0}, 16: {'x': 968.0, 'y': 1436.0}, 17: {'x': 1372.0, 'y': 1435.0}, 18: {'x': 681.0, 'y': 1328.0}}"
065.jpg,"{0: {'x': 805.0, 'y': 1052.0}, 1: {'x': 1350.0, 'y': 992.0}, 2: {'x': 1253.0, 'y': 1179.0}, 3: {'x': 549.0, 'y': 1228.0}, 4: {'x': 1432.0, 'y': 1503.0}, 5: {'x': 1413.0, 'y': 1805.0}, 6: {'x': 1395.0, 'y': 1950.0}, 7: {'x': 1333.0, 'y': 2008.0}, 8: {'x': 1378.0, 'y': 1988.0}, 9: {'x': 732.0, 'y': 1720.0}, 10: {'x': 1485.0, 'y': 1676.0}, 11: {'x': 1483.0, 'y': 1673.0}, 12: {'x': 1591.0, 'y': 1598.0}, 13: {'x': 1568.0, 'y': 1797.0}, 14: {'x': 1522.0, 'y': 1470.0}, 15: {'x': 1476.0, 'y': 1985.0}, 16: {'x': 971.0, 'y': 1413.0}, 17: {'x': 1426.0, 'y': 1402.0}, 18: {'x': 622.0, 'y': 1344.0}}"
066.jpg,"{0: {'x': 780.0, 'y': 1027.0}, 1: {'x': 1412.0, 'y': 927.0}, 2: {'x': 1305.0, 'y': 1138.0}, 3: {'x': 551.0, 'y': 1185.0}, 4: {'x': 1423.0, 'y': 1430.0}, 5: {'x': 1326.0, 'y': 1767.0}, 6: {'x': 1324.0, 'y': 1910.0}, 7: {'x': 1269.0, 'y': 1977.0}, 8: {'x': 1311.0, 'y': 1962.0}, 9: {'x': 720.0, 'y': 1701.0}, 10: {'x': 1400.0, 'y': 1582.0}, 11: {'x': 1453.0, 'y': 1604.0}, 12: {'x': 1553.0, 'y': 1556.0}, 13: {'x': 1518.0, 'y': 1747.0}, 14: {'x': 1495.0, 'y': 1404.0}, 15: {'x': 1416.0, 'y': 1908.0}, 16: {'x': 1012.0, 'y': 1363.0}, 17: {'x': 1409.0, 'y': 1337.0}, 18: {'x': 644.0, 'y': 1305.0}}"
067.jpg,"{0: {'x': 859.0, 'y': 1067.0}, 1: {'x': 1437.0, 'y': 1001.0}, 2: {'x': 1309.0, 'y': 1240.0}, 3: {'x': 636.0, 'y': 1253.0}, 4: {'x': 1395.0, 'y': 1585.0}, 5: {'x': 1438.0, 'y': 1852.0}, 6: {'x': 1444.0, 'y': 1935.0}, 7: {'x': 1388.0, 'y': 1996.0}, 8: {'x': 1425.0, 'y': 1972.0}, 9: {'x': 829.0, 'y': 1708.0}, 10: {'x': 1469.0, 'y': 1701.0}, 11: {'x': 1387.0, 'y': 1738.0}, 12: {'x': 1589.0, 'y': 1684.0}, 13: {'x': 1614.0, 'y': 1837.0}, 14: {'x': 1531.0, 'y': 1571.0}, 15: {'x': 1515.0, 'y': 2017.0}, 16: {'x': 1008.0, 'y': 1469.0}, 17: {'x': 1426.0, 'y': 1538.0}, 18: {'x': 701.0, 'y': 1319.0}}"
068.jpg,"{0: {'x': 918.0, 'y': 1104.0}, 1: {'x': 1468.0, 'y': 999.0}, 2: {'x': 1358.0, 'y': 1279.0}, 3: {'x': 643.0, 'y': 1295.0}, 4: {'x': 1505.0, 'y': 1567.0}, 5: {'x': 1543.0, 'y': 1937.0}, 6: {'x': 1546.0, 'y': 2094.0}, 7: {'x': 1469.0, 'y': 2181.0}, 8: {'x': 1522.0, 'y': 2153.0}, 9: {'x': 857.0, 'y': 1855.0}, 10: {'x': 1594.0, 'y': 1761.0}, 11: {'x': 1607.0, 'y': 1754.0}, 12: {'x': 1739.0, 'y': 1640.0}, 13: {'x': 1735.0, 'y': 1861.0}, 14: {'x': 1661.0, 'y': 1518.0}, 15: {'x': 1683.0, 'y': 2167.0}, 16: {'x': 1066.0, 'y': 1488.0}, 17: {'x': 1535.0, 'y': 1478.0}, 18: {'x': 730.0, 'y': 1401.0}}"
069.jpg,"{0: {'x': 746.0, 'y': 940.0}, 1: {'x': 1321.0, 'y': 975.0}, 2: {'x': 1204.0, 'y': 1186.0}, 3: {'x': 531.0, 'y': 1129.0}, 4: {'x': 1291.0, 'y': 1487.0}, 5: {'x': 1221.0, 'y': 1826.0}, 6: {'x': 1215.0, 'y': 1968.0}, 7: {'x': 1158.0, 'y': 2027.0}, 8: {'x': 1194.0, 'y': 2009.0}, 9: {'x': 609.0, 'y': 1694.0}, 10: {'x': 1323.0, 'y': 1665.0}, 11: {'x': 1366.0, 'y': 1696.0}, 12: {'x': 1502.0, 'y': 1576.0}, 13: {'x': 1424.0, 'y': 1829.0}, 14: {'x': 1406.0, 'y': 1468.0}, 15: {'x': 1336.0, 'y': 1989.0}, 16: {'x': 883.0, 'y': 1369.0}, 17: {'x': 1319.0, 'y': 1425.0}, 18: {'x': 582.0, 'y': 1255.0}}"
070.jpg,"{0: {'x': 780.0, 'y': 1068.0}, 1: {'x': 1352.0, 'y': 984.0}, 2: {'x': 1234.0, 'y': 1274.0}, 3: {'x': 609.0, 'y': 1271.0}, 4: {'x': 1290.0, 'y': 1539.0}, 5: {'x': 1222.0, 'y': 1857.0}, 6: {'x': 1228.0, 'y': 1971.0}, 7: {'x': 1180.0, 'y': 2025.0}, 8: {'x': 1216.0, 'y': 2007.0}, 9: {'x': 720.0, 'y': 1696.0}, 10: {'x': 1299.0, 'y': 1689.0}, 11: {'x': 1339.0, 'y': 1720.0}, 12: {'x': 1451.0, 'y': 1608.0}, 13: {'x': 1412.0, 'y': 1789.0}, 14: {'x': 1406.0, 'y': 1512.0}, 15: {'x': 1336.0, 'y': 1998.0}, 16: {'x': 949.0, 'y': 1454.0}, 17: {'x': 1331.0, 'y': 1466.0}, 18: {'x': 696.0, 'y': 1324.0}}"
071.jpg,"{0: {'x': 773.0, 'y': 1018.0}, 1: {'x': 1265.0, 'y': 837.0}, 2: {'x': 1211.0, 'y': 1106.0}, 3: {'x': 615.0, 'y': 1235.0}, 4: {'x': 1368.0, 'y': 1363.0}, 5: {'x': 1291.0, 'y': 1660.0}, 6: {'x': 1287.0, 'y': 1780.0}, 7: {'x': 1245.0, 'y': 1827.0}, 8: {'x': 1283.0, 'y': 1822.0}, 9: {'x': 752.0, 'y': 1698.0}, 10: {'x': 1363.0, 'y': 1523.0}, 11: {'x': 1430.0, 'y': 1541.0}, 12: {'x': 1543.0, 'y': 1443.0}, 13: {'x': 1520.0, 'y': 1641.0}, 14: {'x': 1469.0, 'y': 1331.0}, 15: {'x': 1446.0, 'y': 1832.0}, 16: {'x': 960.0, 'y': 1314.0}, 17: {'x': 1379.0, 'y': 1296.0}, 18: {'x': 700.0, 'y': 1291.0}}"
072.jpg,"{0: {'x': 818.0, 'y': 1065.0}, 1: {'x': 1410.0, 'y': 912.0}, 2: {'x': 1314.0, 'y': 1157.0}, 3: {'x': 626.0, 'y': 1274.0}, 4: {'x': 1488.0, 'y': 1502.0}, 5: {'x': 1380.0, 'y': 1789.0}, 6: {'x': 1343.0, 'y': 1940.0}, 7: {'x': 1282.0, 'y': 2001.0}, 8: {'x': 1322.0, 'y': 1979.0}, 9: {'x': 758.0, 'y': 1714.0}, 10: {'x': 1482.0, 'y': 1638.0}, 11: {'x': 1569.0, 'y': 1700.0}, 12: {'x': 1675.0, 'y': 1614.0}, 13: {'x': 1580.0, 'y': 1831.0}, 14: {'x': 1614.0, 'y': 1457.0}, 15: {'x': 1440.0, 'y': 1963.0}, 16: {'x': 1030.0, 'y': 1441.0}, 17: {'x': 1510.0, 'y': 1422.0}, 18: {'x': 741.0, 'y': 1372.0}}"
073.jpg,"{0: {'x': 814.0, 'y': 1109.0}, 1: {'x': 1390.0, 'y': 1051.0}, 2: {'x': 1285.0, 'y': 1281.0}, 3: {'x': 613.0, 'y': 1281.0}, 4: {'x': 1378.0, 'y': 1566.0}, 5: {'x': 1367.0, 'y': 1877.0}, 6: {'x': 1351.0, 'y': 1980.0}, 7: {'x': 1283.0, 'y': 2059.0}, 8: {'x': 1331.0, 'y': 2031.0}, 9: {'x': 729.0, 'y': 1813.0}, 10: {'x': 1433.0, 'y': 1733.0}, 11: {'x': 1453.0, 'y': 1738.0}, 12: {'x': 1551.0, 'y': 1687.0}, 13: {'x': 1542.0, 'y': 1851.0}, 14: {'x': 1487.0, 'y': 1556.0}, 15: {'x': 1466.0, 'y': 2043.0}, 16: {'x': 964.0, 'y': 1483.0}, 17: {'x': 1400.0, 'y': 1513.0}, 18: {'x': 661.0, 'y': 1410.0}}"
074.jpg,"{0: {'x': 845.0, 'y': 1046.0}, 1: {'x': 1463.0, 'y': 893.0}, 2: {'x': 1363.0, 'y': 1125.0}, 3: {'x': 637.0, 'y': 1258.0}, 4: {'x': 1523.0, 'y': 1413.0}, 5: {'x': 1441.0, 'y': 1786.0}, 6: {'x': 1477.0, 'y': 1926.0}, 7: {'x': 1405.0, 'y': 1989.0}, 8: {'x': 1454.0, 'y': 1966.0}, 9: {'x': 831.0, 'y': 1768.0}, 10: {'x': 1495.0, 'y': 1617.0}, 11: {'x': 1505.0, 'y': 1632.0}, 12: {'x': 1684.0, 'y': 1582.0}, 13: {'x': 1637.0, 'y': 1766.0}, 14: {'x': 1632.0, 'y': 1433.0}, 15: {'x': 1582.0, 'y': 1994.0}, 16: {'x': 1081.0, 'y': 1389.0}, 17: {'x': 1543.0, 'y': 1354.0}, 18: {'x': 726.0, 'y': 1355.0}}"
075.jpg,"{0: {'x': 805.0, 'y': 1053.0}, 1: {'x': 1377.0, 'y': 1007.0}, 2: {'x': 1278.0, 'y': 1218.0}, 3: {'x': 626.0, 'y': 1260.0}, 4: {'x': 1397.0, 'y': 1491.0}, 5: {'x': 1323.0, 'y': 1831.0}, 6: {'x': 1280.0, 'y': 1962.0}, 7: {'x': 1235.0, 'y': 2023.0}, 8: {'x': 1267.0, 'y': 1999.0}, 9: {'x': 729.0, 'y': 1679.0}, 10: {'x': 1421.0, 'y': 1695.0}, 11: {'x': 1445.0, 'y': 1691.0}, 12: {'x': 1550.0, 'y': 1604.0}, 13: {'x': 1474.0, 'y': 1847.0}, 14: {'x': 1492.0, 'y': 1485.0}, 15: {'x': 1372.0, 'y': 1991.0}, 16: {'x': 996.0, 'y': 1418.0}, 17: {'x': 1405.0, 'y': 1455.0}, 18: {'x': 697.0, 'y': 1340.0}}"
076.jpg,"{0: {'x': 773.0, 'y': 1014.0}, 1: {'x': 1330.0, 'y': 891.0}, 2: {'x': 1249.0, 'y': 1130.0}, 3: {'x': 598.0, 'y': 1208.0}, 4: {'x': 1415.0, 'y': 1399.0}, 5: {'x': 1410.0, 'y': 1736.0}, 6: {'x': 1404.0, 'y': 1862.0}, 7: {'x': 1332.0, 'y': 1931.0}, 8: {'x': 1377.0, 'y': 1906.0}, 9: {'x': 766.0, 'y': 1693.0}, 10: {'x': 1491.0, 'y': 1565.0}, 11: {'x': 1518.0, 'y': 1575.0}, 12: {'x': 1598.0, 'y': 1524.0}, 13: {'x': 1599.0, 'y': 1659.0}, 14: {'x': 1494.0, 'y': 1377.0}, 15: {'x': 1517.0, 'y': 1907.0}, 16: {'x': 1017.0, 'y': 1362.0}, 17: {'x': 1413.0, 'y': 1350.0}, 18: {'x': 680.0, 'y': 1316.0}}"
077.jpg,"{0: {'x': 851.0, 'y': 980.0}, 1: {'x': 1456.0, 'y': 918.0}, 2: {'x': 1322.0, 'y': 1166.0}, 3: {'x': 618.0, 'y': 1194.0}, 4: {'x': 1460.0, 'y': 1490.0}, 5: {'x': 1402.0, 'y': 1802.0}, 6: {'x': 1381.0, 'y': 1940.0}, 7: {'x': 1313.0, 'y': 2026.0}, 8: {'x': 1361.0, 'y': 1998.0}, 9: {'x': 774.0, 'y': 1738.0}, 10: {'x': 1495.0, 'y': 1639.0}, 11: {'x': 1518.0, 'y': 1666.0}, 12: {'x': 1618.0, 'y': 1584.0}, 13: {'x': 1583.0, 'y': 1752.0}, 14: {'x': 1565.0, 'y': 1448.0}, 15: {'x': 1525.0, 'y': 1966.0}, 16: {'x': 1024.0, 'y': 1371.0}, 17: {'x': 1470.0, 'y': 1423.0}, 18: {'x': 699.0, 'y': 1331.0}}"
078.jpg,"{0: {'x': 857.0, 'y': 1011.0}, 1: {'x': 1443.0, 'y': 940.0}, 2: {'x': 1337.0, 'y': 1184.0}, 3: {'x': 657.0, 'y': 1186.0}, 4: {'x': 1413.0, 'y': 1482.0}, 5: {'x': 1432.0, 'y': 1793.0}, 6: {'x': 1452.0, 'y': 1973.0}, 7: {'x': 1396.0, 'y': 2027.0}, 8: {'x': 1431.0, 'y': 2011.0}, 9: {'x': 825.0, 'y': 1653.0}, 10: {'x': 1496.0, 'y': 1658.0}, 11: {'x': 1482.0, 'y': 1654.0}, 12: {'x': 1560.0, 'y': 1581.0}, 13: {'x': 1578.0, 'y': 1746.0}, 14: {'x': 1508.0, 'y': 1463.0}, 15: {'x': 1530.0, 'y': 2000.0}, 16: {'x': 1024.0, 'y': 1425.0}, 17: {'x': 1445.0, 'y': 1418.0}, 18: {'x': 756.0, 'y': 1297.0}}"
079.jpg,"{0: {'x': 883.0, 'y': 1069.0}, 1: {'x': 1470.0, 'y': 1082.0}, 2: {'x': 1316.0, 'y': 1291.0}, 3: {'x': 627.0, 'y': 1230.0}, 4: {'x': 1423.0, 'y': 1662.0}, 5: {'x': 1449.0, 'y': 1976.0}, 6: {'x': 1485.0, 'y': 2126.0}, 7: {'x': 1434.0, 'y': 2202.0}, 8: {'x': 1474.0, 'y': 2172.0}, 9: {'x': 759.0, 'y': 1910.0}, 10: {'x': 1477.0, 'y': 1836.0}, 11: {'x': 1479.0, 'y': 1834.0}, 12: {'x': 1607.0, 'y': 1735.0}, 13: {'x': 1617.0, 'y': 1910.0}, 14: {'x': 1526.0, 'y': 1619.0}, 15: {'x': 1572.0, 'y': 2158.0}, 16: {'x': 966.0, 'y': 1521.0}, 17: {'x': 1448.0, 'y': 1566.0}, 18: {'x': 672.0, 'y': 1368.0}}"
080.jpg,"{0: {'x': 821.0, 'y': 1077.0}, 1: {'x': 1353.0, 'y': 1080.0}, 2: {'x': 1232.0, 'y': 1261.0}, 3: {'x': 572.0, 'y': 1189.0}, 4: {'x': 1297.0, 'y': 1523.0}, 5: {'x': 1227.0, 'y': 1814.0}, 6: {'x': 1193.0, 'y': 1913.0}, 7: {'x': 1153.0, 'y': 1946.0}, 8: {'x': 1185.0, 'y': 1951.0}, 9: {'x': 710.0, 'y': 1627.0}, 10: {'x': 1305.0, 'y': 1680.0}, 11: {'x': 1327.0, 'y': 1700.0}, 12: {'x': 1491.0, 'y': 1593.0}, 13: {'x': 1393.0, 'y': 1806.0}, 14: {'x': 1423.0, 'y': 1518.0}, 15: {'x': 1324.0, 'y': 2005.0}, 16: {'x': 926.0, 'y': 1404.0}, 17: {'x': 1327.0, 'y': 1487.0}, 18: {'x': 643.0, 'y': 1286.0}}"
081.jpg,"{0: {'x': 818.0, 'y': 1035.0}, 1: {'x': 1390.0, 'y': 980.0}, 2: {'x': 1277.0, 'y': 1248.0}, 3: {'x': 626.0, 'y': 1250.0}, 4: {'x': 1381.0, 'y': 1560.0}, 5: {'x': 1297.0, 'y': 1960.0}, 6: {'x': 1290.0, 'y': 2081.0}, 7: {'x': 1228.0, 'y': 2140.0}, 8: {'x': 1269.0, 'y': 2120.0}, 9: {'x': 760.0, 'y': 1783.0}, 10: {'x': 1385.0, 'y': 1801.0}, 11: {'x': 1441.0, 'y': 1762.0}, 12: {'x': 1542.0, 'y': 1685.0}, 13: {'x': 1497.0, 'y': 1860.0}, 14: {'x': 1498.0, 'y': 1535.0}, 15: {'x': 1361.0, 'y': 2075.0}, 16: {'x': 997.0, 'y': 1464.0}, 17: {'x': 1419.0, 'y': 1491.0}, 18: {'x': 692.0, 'y': 1350.0}}"
082.jpg,"{0: {'x': 765.0, 'y': 965.0}, 1: {'x': 1350.0, 'y': 872.0}, 2: {'x': 1241.0, 'y': 1168.0}, 3: {'x': 582.0, 'y': 1174.0}, 4: {'x': 1364.0, 'y': 1461.0}, 5: {'x': 1355.0, 'y': 1857.0}, 6: {'x': 1356.0, 'y': 2001.0}, 7: {'x': 1293.0, 'y': 2056.0}, 8: {'x': 1336.0, 'y': 2033.0}, 9: {'x': 792.0, 'y': 1738.0}, 10: {'x': 1439.0, 'y': 1688.0}, 11: {'x': 1457.0, 'y': 1684.0}, 12: {'x': 1555.0, 'y': 1579.0}, 13: {'x': 1545.0, 'y': 1824.0}, 14: {'x': 1476.0, 'y': 1433.0}, 15: {'x': 1439.0, 'y': 2033.0}, 16: {'x': 950.0, 'y': 1344.0}, 17: {'x': 1381.0, 'y': 1379.0}, 18: {'x': 667.0, 'y': 1260.0}}"
083.jpg,"{0: {'x': 738.0, 'y': 970.0}, 1: {'x': 1240.0, 'y': 863.0}, 2: {'x': 1188.0, 'y': 1131.0}, 3: {'x': 570.0, 'y': 1190.0}, 4: {'x': 1327.0, 'y': 1354.0}, 5: {'x': 1296.0, 'y': 1678.0}, 6: {'x': 1292.0, 'y': 1796.0}, 7: {'x': 1233.0, 'y': 1852.0}, 8: {'x': 1276.0, 'y': 1832.0}, 9: {'x': 703.0, 'y': 1630.0}, 10: {'x': 1343.0, 'y': 1541.0}, 11: {'x': 1378.0, 'y': 1515.0}, 12: {'x': 1496.0, 'y': 1432.0}, 13: {'x': 1451.0, 'y': 1631.0}, 14: {'x': 1445.0, 'y': 1326.0}, 15: {'x': 1365.0, 'y': 1828.0}, 16: {'x': 943.0, 'y': 1322.0}, 17: {'x': 1347.0, 'y': 1301.0}, 18: {'x': 629.0, 'y': 1277.0}}"
084.jpg,"{0: {'x': 789.0, 'y': 1009.0}, 1: {'x': 1389.0, 'y': 957.0}, 2: {'x': 1282.0, 'y': 1204.0}, 3: {'x': 545.0, 'y': 1189.0}, 4: {'x': 1375.0, 'y': 1523.0}, 5: {'x': 1269.0, 'y': 1851.0}, 6: {'x': 1205.0, 'y': 2007.0}, 7: {'x': 1143.0, 'y': 2041.0}, 8: {'x': 1180.0, 'y': 2033.0}, 9: {'x': 611.0, 'y': 1712.0}, 10: {'x': 1350.0, 'y': 1703.0}, 11: {'x': 1382.0, 'y': 1740.0}, 12: {'x': 1527.0, 'y': 1630.0}, 13: {'x': 1471.0, 'y': 1832.0}, 14: {'x': 1488.0, 'y': 1506.0}, 15: {'x': 1296.0, 'y': 2000.0}, 16: {'x': 951.0, 'y': 1415.0}, 17: {'x': 1399.0, 'y': 1436.0}, 18: {'x': 614.0, 'y': 1324.0}}"
085.jpg,"{0: {'x': 759.0, 'y': 1006.0}, 1: {'x': 1391.0, 'y': 1027.0}, 2: {'x': 1244.0, 'y': 1272.0}, 3: {'x': 532.0, 'y': 1176.0}, 4: {'x': 1278.0, 'y': 1603.0}, 5: {'x': 1257.0, 'y': 1994.0}, 6: {'x': 1187.0, 'y': 2126.0}, 7: {'x': 1113.0, 'y': 2169.0}, 8: {'x': 1159.0, 'y': 2160.0}, 9: {'x': 631.0, 'y': 1819.0}, 10: {'x': 1331.0, 'y': 1811.0}, 11: {'x': 1331.0, 'y': 1811.0}, 12: {'x': 1480.0, 'y': 1740.0}, 13: {'x': 1467.0, 'y': 1983.0}, 14: {'x': 1438.0, 'y': 1606.0}, 15: {'x': 1274.0, 'y': 2133.0}, 16: {'x': 862.0, 'y': 1484.0}, 17: {'x': 1325.0, 'y': 1553.0}, 18: {'x': 597.0, 'y': 1289.0}}"
086.jpg,"{0: {'x': 894.0, 'y': 976.0}, 1: {'x': 1463.0, 'y': 921.0}, 2: {'x': 1338.0, 'y': 1155.0}, 3: {'x': 653.0, 'y': 1195.0}, 4: {'x': 1480.0, 'y': 1466.0}, 5: {'x': 1502.0, 'y': 1839.0}, 6: {'x': 1507.0, 'y': 2007.0}, 7: {'x': 1440.0, 'y': 2066.0}, 8: {'x': 1488.0, 'y': 2047.0}, 9: {'x': 812.0, 'y': 1763.0}, 10: {'x': 1525.0, 'y': 1674.0}, 11: {'x': 1540.0, 'y': 1676.0}, 12: {'x': 1668.0, 'y': 1558.0}, 13: {'x': 1672.0, 'y': 1778.0}, 14: {'x': 1596.0, 'y': 1436.0}, 15: {'x': 1596.0, 'y': 1995.0}, 16: {'x': 1042.0, 'y': 1387.0}, 17: {'x': 1490.0, 'y': 1384.0}, 18: {'x': 756.0, 'y': 1325.0}}"
087.jpg,"{0: {'x': 823.0, 'y': 1051.0}, 1: {'x': 1444.0, 'y': 949.0}, 2: {'x': 1313.0, 'y': 1227.0}, 3: {'x': 620.0, 'y': 1205.0}, 4: {'x': 1389.0, 'y': 1566.0}, 5: {'x': 1327.0, 'y': 1896.0}, 6: {'x': 1342.0, 'y': 2042.0}, 7: {'x': 1279.0, 'y': 2118.0}, 8: {'x': 1329.0, 'y': 2091.0}, 9: {'x': 677.0, 'y': 1778.0}, 10: {'x': 1404.0, 'y': 1740.0}, 11: {'x': 1449.0, 'y': 1777.0}, 12: {'x': 1590.0, 'y': 1684.0}, 13: {'x': 1510.0, 'y': 1914.0}, 14: {'x': 1533.0, 'y': 1534.0}, 15: {'x': 1428.0, 'y': 2112.0}, 16: {'x': 977.0, 'y': 1459.0}, 17: {'x': 1424.0, 'y': 1487.0}, 18: {'x': 648.0, 'y': 1384.0}}"
088.jpg,"{0: {'x': 733.0, 'y': 1114.0}, 1: {'x': 1286.0, 'y': 996.0}, 2: {'x': 1201.0, 'y': 1244.0}, 3: {'x': 574.0, 'y': 1281.0}, 4: {'x': 1334.0, 'y': 1484.0}, 5: {'x': 1280.0, 'y': 1779.0}, 6: {'x': 1264.0, 'y': 1889.0}, 7: {'x': 1207.0, 'y': 1928.0}, 8: {'x': 1243.0, 'y': 1917.0}, 9: {'x': 744.0, 'y': 1648.0}, 10: {'x': 1345.0, 'y': 1643.0}, 11: {'x': 1351.0, 'y': 1650.0}, 12: {'x': 1484.0, 'y': 1549.0}, 13: {'x': 1438.0, 'y': 1787.0}, 14: {'x': 1427.0, 'y': 1447.0}, 15: {'x': 1336.0, 'y': 1939.0}, 16: {'x': 943.0, 'y': 1430.0}, 17: {'x': 1342.0, 'y': 1423.0}, 18: {'x': 670.0, 'y': 1367.0}}"
089.jpg,"{0: {'x': 764.0, 'y': 1034.0}, 1: {'x': 1396.0, 'y': 964.0}, 2: {'x': 1246.0, 'y': 1231.0}, 3: {'x': 547.0, 'y': 1239.0}, 4: {'x': 1379.0, 'y': 1518.0}, 5: {'x': 1492.0, 'y': 1879.0}, 6: {'x': 1502.0, 'y': 1997.0}, 7: {'x': 1439.0, 'y': 2073.0}, 8: {'x': 1485.0, 'y': 2043.0}, 9: {'x': 812.0, 'y': 1834.0}, 10: {'x': 1514.0, 'y': 1722.0}, 11: {'x': 1415.0, 'y': 1710.0}, 12: {'x': 1539.0, 'y': 1600.0}, 13: {'x': 1608.0, 'y': 1824.0}, 14: {'x': 1505.0, 'y': 1498.0}, 15: {'x': 1595.0, 'y': 2043.0}, 16: {'x': 933.0, 'y': 1452.0}, 17: {'x': 1408.0, 'y': 1482.0}, 18: {'x': 622.0, 'y': 1353.0}}"
090.jpg,"{0: {'x': 778.0, 'y': 983.0}, 1: {'x': 1341.0, 'y': 927.0}, 2: {'x': 1233.0, 'y': 1181.0}, 3: {'x': 564.0, 'y': 1181.0}, 4: {'x': 1288.0, 'y': 1480.0}, 5: {'x': 1210.0, 'y': 1808.0}, 6: {'x': 1190.0, 'y': 1921.0}, 7: {'x': 1118.0, 'y': 1984.0}, 8: {'x': 1163.0, 'y': 1962.0}, 9: {'x': 619.0, 'y': 1676.0}, 10: {'x': 1314.0, 'y': 1675.0}, 11: {'x': 1342.0, 'y': 1686.0}, 12: {'x': 1472.0, 'y': 1579.0}, 13: {'x': 1432.0, 'y': 1799.0}, 14: {'x': 1426.0, 'y': 1463.0}, 15: {'x': 1294.0, 'y': 1975.0}, 16: {'x': 918.0, 'y': 1379.0}, 17: {'x': 1318.0, 'y': 1420.0}, 18: {'x': 603.0, 'y': 1321.0}}"
091.jpg,"{0: {'x': 824.0, 'y': 1040.0}, 1: {'x': 1407.0, 'y': 1046.0}, 2: {'x': 1287.0, 'y': 1302.0}, 3: {'x': 571.0, 'y': 1214.0}, 4: {'x': 1312.0, 'y': 1583.0}, 5: {'x': 1368.0, 'y': 1977.0}, 6: {'x': 1350.0, 'y': 2102.0}, 7: {'x': 1291.0, 'y': 2160.0}, 8: {'x': 1331.0, 'y': 2140.0}, 9: {'x': 784.0, 'y': 1758.0}, 10: {'x': 1432.0, 'y': 1813.0}, 11: {'x': 1386.0, 'y': 1773.0}, 12: {'x': 1542.0, 'y': 1706.0}, 13: {'x': 1555.0, 'y': 1858.0}, 14: {'x': 1478.0, 'y': 1579.0}, 15: {'x': 1468.0, 'y': 2081.0}, 16: {'x': 940.0, 'y': 1460.0}, 17: {'x': 1382.0, 'y': 1531.0}, 18: {'x': 658.0, 'y': 1331.0}}"
092.jpg,"{0: {'x': 755.0, 'y': 887.0}, 1: {'x': 1352.0, 'y': 840.0}, 2: {'x': 1256.0, 'y': 1050.0}, 3: {'x': 577.0, 'y': 1145.0}, 4: {'x': 1425.0, 'y': 1403.0}, 5: {'x': 1438.0, 'y': 1802.0}, 6: {'x': 1432.0, 'y': 1959.0}, 7: {'x': 1376.0, 'y': 2035.0}, 8: {'x': 1417.0, 'y': 2005.0}, 9: {'x': 769.0, 'y': 1727.0}, 10: {'x': 1516.0, 'y': 1624.0}, 11: {'x': 1520.0, 'y': 1582.0}, 12: {'x': 1614.0, 'y': 1487.0}, 13: {'x': 1622.0, 'y': 1713.0}, 14: {'x': 1512.0, 'y': 1344.0}, 15: {'x': 1515.0, 'y': 1967.0}, 16: {'x': 980.0, 'y': 1326.0}, 17: {'x': 1416.0, 'y': 1276.0}, 18: {'x': 631.0, 'y': 1265.0}}"
093.jpg,"{0: {'x': 781.0, 'y': 999.0}, 1: {'x': 1369.0, 'y': 940.0}, 2: {'x': 1253.0, 'y': 1180.0}, 3: {'x': 567.0, 'y': 1176.0}, 4: {'x': 1372.0, 'y': 1444.0}, 5: {'x': 1345.0, 'y': 1801.0}, 6: {'x': 1328.0, 'y': 1911.0}, 7: {'x': 1244.0, 'y': 1977.0}, 8: {'x': 1300.0, 'y': 1959.0}, 9: {'x': 662.0, 'y': 1713.0}, 10: {'x': 1433.0, 'y': 1626.0}, 11: {'x': 1454.0, 'y': 1632.0}, 12: {'x': 1566.0, 'y': 1539.0}, 13: {'x': 1538.0, 'y': 1773.0}, 14: {'x': 1489.0, 'y': 1414.0}, 15: {'x': 1442.0, 'y': 1970.0}, 16: {'x': 972.0, 'y': 1395.0}, 17: {'x': 1428.0, 'y': 1370.0}, 18: {'x': 628.0, 'y': 1273.0}}"
094.jpg,"{0: {'x': 781.0, 'y': 917.0}, 1: {'x': 1374.0, 'y': 880.0}, 2: {'x': 1252.0, 'y': 1131.0}, 3: {'x': 565.0, 'y': 1140.0}, 4: {'x': 1347.0, 'y': 1491.0}, 5: {'x': 1411.0, 'y': 1867.0}, 6: {'x': 1438.0, 'y': 2016.0}, 7: {'x': 1374.0, 'y': 2080.0}, 8: {'x': 1418.0, 'y': 2058.0}, 9: {'x': 709.0, 'y': 1744.0}, 10: {'x': 1449.0, 'y': 1682.0}, 11: {'x': 1416.0, 'y': 1672.0}, 12: {'x': 1549.0, 'y': 1584.0}, 13: {'x': 1588.0, 'y': 1783.0}, 14: {'x': 1474.0, 'y': 1468.0}, 15: {'x': 1510.0, 'y': 2038.0}, 16: {'x': 923.0, 'y': 1376.0}, 17: {'x': 1379.0, 'y': 1420.0}, 18: {'x': 629.0, 'y': 1252.0}}"
095.jpg,"{0: {'x': 810.0, 'y': 1009.0}, 1: {'x': 1430.0, 'y': 1061.0}, 2: {'x': 1290.0, 'y': 1289.0}, 3: {'x': 543.0, 'y': 1185.0}, 4: {'x': 1379.0, 'y': 1598.0}, 5: {'x': 1425.0, 'y': 1961.0}, 6: {'x': 1403.0, 'y': 2094.0}, 7: {'x': 1332.0, 'y': 2158.0}, 8: {'x': 1380.0, 'y': 2137.0}, 9: {'x': 736.0, 'y': 1778.0}, 10: {'x': 1480.0, 'y': 1782.0}, 11: {'x': 1429.0, 'y': 1812.0}, 12: {'x': 1558.0, 'y': 1692.0}, 13: {'x': 1605.0, 'y': 1897.0}, 14: {'x': 1473.0, 'y': 1585.0}, 15: {'x': 1536.0, 'y': 2131.0}, 16: {'x': 947.0, 'y': 1465.0}, 17: {'x': 1394.0, 'y': 1562.0}, 18: {'x': 632.0, 'y': 1280.0}}"
096.jpg,"{0: {'x': 741.0, 'y': 1015.0}, 1: {'x': 1307.0, 'y': 938.0}, 2: {'x': 1178.0, 'y': 1235.0}, 3: {'x': 533.0, 'y': 1218.0}, 4: {'x': 1303.0, 'y': 1526.0}, 5: {'x': 1254.0, 'y': 1877.0}, 6: {'x': 1257.0, 'y': 2001.0}, 7: {'x': 1193.0, 'y': 2072.0}, 8: {'x': 1239.0, 'y': 2049.0}, 9: {'x': 676.0, 'y': 1791.0}, 10: {'x': 1337.0, 'y': 1705.0}, 11: {'x': 1356.0, 'y': 1709.0}, 12: {'x': 1489.0, 'y': 1627.0}, 13: {'x': 1457.0, 'y': 1857.0}, 14: {'x': 1454.0, 'y': 1495.0}, 15: {'x': 1352.0, 'y': 2049.0}, 16: {'x': 899.0, 'y': 1435.0}, 17: {'x': 1345.0, 'y': 1461.0}, 18: {'x': 600.0, 'y': 1346.0}}"
097.jpg,"{0: {'x': 825.0, 'y': 1062.0}, 1: {'x': 1416.0, 'y': 959.0}, 2: {'x': 1307.0, 'y': 1228.0}, 3: {'x': 606.0, 'y': 1255.0}, 4: {'x': 1523.0, 'y': 1543.0}, 5: {'x': 1472.0, 'y': 1868.0}, 6: {'x': 1454.0, 'y': 2008.0}, 7: {'x': 1391.0, 'y': 2070.0}, 8: {'x': 1436.0, 'y': 2049.0}, 9: {'x': 770.0, 'y': 1859.0}, 10: {'x': 1570.0, 'y': 1713.0}, 11: {'x': 1594.0, 'y': 1725.0}, 12: {'x': 1711.0, 'y': 1607.0}, 13: {'x': 1665.0, 'y': 1840.0}, 14: {'x': 1642.0, 'y': 1483.0}, 15: {'x': 1550.0, 'y': 2044.0}, 16: {'x': 1052.0, 'y': 1451.0}, 17: {'x': 1520.0, 'y': 1456.0}, 18: {'x': 688.0, 'y': 1407.0}}"
098.jpg,"{0: {'x': 780.0, 'y': 1012.0}, 1: {'x': 1339.0, 'y': 916.0}, 2: {'x': 1264.0, 'y': 1150.0}, 3: {'x': 611.0, 'y': 1205.0}, 4: {'x': 1398.0, 'y': 1428.0}, 5: {'x': 1406.0, 'y': 1737.0}, 6: {'x': 1404.0, 'y': 1882.0}, 7: {'x': 1342.0, 'y': 1944.0}, 8: {'x': 1385.0, 'y': 1926.0}, 9: {'x': 727.0, 'y': 1751.0}, 10: {'x': 1444.0, 'y': 1587.0}, 11: {'x': 1484.0, 'y': 1620.0}, 12: {'x': 1565.0, 'y': 1547.0}, 13: {'x': 1546.0, 'y': 1735.0}, 14: {'x': 1487.0, 'y': 1407.0}, 15: {'x': 1487.0, 'y': 1909.0}, 16: {'x': 989.0, 'y': 1387.0}, 17: {'x': 1406.0, 'y': 1379.0}, 18: {'x': 673.0, 'y': 1338.0}}"
099.jpg,"{0: {'x': 796.0, 'y': 991.0}, 1: {'x': 1310.0, 'y': 880.0}, 2: {'x': 1244.0, 'y': 1147.0}, 3: {'x': 604.0, 'y': 1202.0}, 4: {'x': 1353.0, 'y': 1469.0}, 5: {'x': 1392.0, 'y': 1788.0}, 6: {'x': 1401.0, 'y': 1896.0}, 7: {'x': 1360.0, 'y': 1953.0}, 8: {'x': 1392.0, 'y': 1932.0}, 9: {'x': 815.0, 'y': 1644.0}, 10: {'x': 1405.0, 'y': 1610.0}, 11: {'x': 1385.0, 'y': 1617.0}, 12: {'x': 1524.0, 'y': 1508.0}, 13: {'x': 1542.0, 'y': 1660.0}, 14: {'x': 1451.0, 'y': 1397.0}, 15: {'x': 1473.0, 'y': 1897.0}, 16: {'x': 976.0, 'y': 1351.0}, 17: {'x': 1376.0, 'y': 1365.0}, 18: {'x': 703.0, 'y': 1260.0}}"
100.jpg,"{0: {'x': 875.0, 'y': 1086.0}, 1: {'x': 1455.0, 'y': 1065.0}, 2: {'x': 1315.0, 'y': 1309.0}, 3: {'x': 643.0, 'y': 1204.0}, 4: {'x': 1378.0, 'y': 1631.0}, 5: {'x': 1282.0, 'y': 1909.0}, 6: {'x': 1277.0, 'y': 2069.0}, 7: {'x': 1236.0, 'y': 2121.0}, 8: {'x': 1268.0, 'y': 2102.0}, 9: {'x': 688.0, 'y': 1718.0}, 10: {'x': 1405.0, 'y': 1769.0}, 11: {'x': 1454.0, 'y': 1817.0}, 12: {'x': 1549.0, 'y': 1752.0}, 13: {'x': 1470.0, 'y': 1922.0}, 14: {'x': 1519.0, 'y': 1622.0}, 15: {'x': 1383.0, 'y': 2133.0}, 16: {'x': 1017.0, 'y': 1511.0}, 17: {'x': 1388.0, 'y': 1561.0}, 18: {'x': 708.0, 'y': 1361.0}}"
101.jpg,"{0: {'x': 848.0, 'y': 935.0}, 1: {'x': 1462.0, 'y': 877.0}, 2: {'x': 1297.0, 'y': 1141.0}, 3: {'x': 607.0, 'y': 1128.0}, 4: {'x': 1413.0, 'y': 1455.0}, 5: {'x': 1340.0, 'y': 1795.0}, 6: {'x': 1358.0, 'y': 1952.0}, 7: {'x': 1291.0, 'y': 2023.0}, 8: {'x': 1344.0, 'y': 1996.0}, 9: {'x': 715.0, 'y': 1667.0}, 10: {'x': 1420.0, 'y': 1629.0}, 11: {'x': 1450.0, 'y': 1665.0}, 12: {'x': 1591.0, 'y': 1548.0}, 13: {'x': 1532.0, 'y': 1735.0}, 14: {'x': 1537.0, 'y': 1428.0}, 15: {'x': 1453.0, 'y': 1981.0}, 16: {'x': 982.0, 'y': 1364.0}, 17: {'x': 1438.0, 'y': 1384.0}, 18: {'x': 664.0, 'y': 1287.0}}"
102.jpg,"{0: {'x': 792.0, 'y': 1071.0}, 1: {'x': 1418.0, 'y': 998.0}, 2: {'x': 1301.0, 'y': 1269.0}, 3: {'x': 590.0, 'y': 1240.0}, 4: {'x': 1413.0, 'y': 1565.0}, 5: {'x': 1339.0, 'y': 1902.0}, 6: {'x': 1326.0, 'y': 2043.0}, 7: {'x': 1261.0, 'y': 2102.0}, 8: {'x': 1306.0, 'y': 2084.0}, 9: {'x': 703.0, 'y': 1831.0}, 10: {'x': 1424.0, 'y': 1712.0}, 11: {'x': 1508.0, 'y': 1774.0}, 12: {'x': 1616.0, 'y': 1707.0}, 13: {'x': 1550.0, 'y': 1892.0}, 14: {'x': 1562.0, 'y': 1560.0}, 15: {'x': 1425.0, 'y': 2080.0}, 16: {'x': 951.0, 'y': 1498.0}, 17: {'x': 1442.0, 'y': 1494.0}, 18: {'x': 631.0, 'y': 1388.0}}"
103.jpg,"{0: {'x': 873.0, 'y': 1006.0}, 1: {'x': 1438.0, 'y': 960.0}, 2: {'x': 1309.0, 'y': 1215.0}, 3: {'x': 585.0, 'y': 1147.0}, 4: {'x': 1389.0, 'y': 1466.0}, 5: {'x': 1328.0, 'y': 1825.0}, 6: {'x': 1306.0, 'y': 1959.0}, 7: {'x': 1236.0, 'y': 2009.0}, 8: {'x': 1285.0, 'y': 2001.0}, 9: {'x': 693.0, 'y': 1746.0}, 10: {'x': 1436.0, 'y': 1689.0}, 11: {'x': 1435.0, 'y': 1686.0}, 12: {'x': 1571.0, 'y': 1590.0}, 13: {'x': 1528.0, 'y': 1816.0}, 14: {'x': 1503.0, 'y': 1476.0}, 15: {'x': 1401.0, 'y': 1983.0}, 16: {'x': 1008.0, 'y': 1383.0}, 17: {'x': 1395.0, 'y': 1396.0}, 18: {'x': 641.0, 'y': 1274.0}}"
104.jpg,"{0: {'x': 864.0, 'y': 1010.0}, 1: {'x': 1515.0, 'y': 973.0}, 2: {'x': 1341.0, 'y': 1222.0}, 3: {'x': 622.0, 'y': 1202.0}, 4: {'x': 1476.0, 'y': 1529.0}, 5: {'x': 1404.0, 'y': 1901.0}, 6: {'x': 1398.0, 'y': 2050.0}, 7: {'x': 1339.0, 'y': 2122.0}, 8: {'x': 1384.0, 'y': 2096.0}, 9: {'x': 765.0, 'y': 1798.0}, 10: {'x': 1506.0, 'y': 1721.0}, 11: {'x': 1544.0, 'y': 1734.0}, 12: {'x': 1667.0, 'y': 1643.0}, 13: {'x': 1629.0, 'y': 1864.0}, 14: {'x': 1606.0, 'y': 1521.0}, 15: {'x': 1506.0, 'y': 2077.0}, 16: {'x': 1053.0, 'y': 1456.0}, 17: {'x': 1487.0, 'y': 1458.0}, 18: {'x': 681.0, 'y': 1339.0}}"
105.jpg,"{0: {'x': 784.0, 'y': 1143.0}, 1: {'x': 1330.0, 'y': 1099.0}, 2: {'x': 1227.0, 'y': 1311.0}, 3: {'x': 580.0, 'y': 1279.0}, 4: {'x': 1308.0, 'y': 1522.0}, 5: {'x': 1252.0, 'y': 1782.0}, 6: {'x': 1229.0, 'y': 1873.0}, 7: {'x': 1163.0, 'y': 1921.0}, 8: {'x': 1206.0, 'y': 1901.0}, 9: {'x': 743.0, 'y': 1687.0}, 10: {'x': 1283.0, 'y': 1675.0}, 11: {'x': 1300.0, 'y': 1666.0}, 12: {'x': 1419.0, 'y': 1609.0}, 13: {'x': 1389.0, 'y': 1706.0}, 14: {'x': 1402.0, 'y': 1497.0}, 15: {'x': 1299.0, 'y': 1870.0}, 16: {'x': 955.0, 'y': 1438.0}, 17: {'x': 1327.0, 'y': 1446.0}, 18: {'x': 648.0, 'y': 1359.0}}"
106.jpg,"{0: {'x': 875.0, 'y': 968.0}, 1: {'x': 1484.0, 'y': 922.0}, 2: {'x': 1338.0, 'y': 1183.0}, 3: {'x': 647.0, 'y': 1169.0}, 4: {'x': 1440.0, 'y': 1494.0}, 5: {'x': 1507.0, 'y': 1903.0}, 6: {'x': 1524.0, 'y': 2022.0}, 7: {'x': 1434.0, 'y': 2113.0}, 8: {'x': 1498.0, 'y': 2084.0}, 9: {'x': 811.0, 'y': 1808.0}, 10: {'x': 1515.0, 'y': 1715.0}, 11: {'x': 1504.0, 'y': 1686.0}, 12: {'x': 1657.0, 'y': 1628.0}, 13: {'x': 1658.0, 'y': 1801.0}, 14: {'x': 1574.0, 'y': 1497.0}, 15: {'x': 1627.0, 'y': 2054.0}, 16: {'x': 1057.0, 'y': 1405.0}, 17: {'x': 1450.0, 'y': 1442.0}, 18: {'x': 733.0, 'y': 1337.0}}"
107.jpg,"{0: {'x': 808.0, 'y': 1036.0}, 1: {'x': 1394.0, 'y': 917.0}, 2: {'x': 1288.0, 'y': 1188.0}, 3: {'x': 646.0, 'y': 1204.0}, 4: {'x': 1384.0, 'y': 1482.0}, 5: {'x': 1323.0, 'y': 1807.0}, 6: {'x': 1373.0, 'y': 1967.0}, 7: {'x': 1326.0, 'y': 2044.0}, 8: {'x': 1368.0, 'y': 2016.0}, 9: {'x': 724.0, 'y': 1837.0}, 10: {'x': 1378.0, 'y': 1620.0}, 11: {'x': 1461.0, 'y': 1686.0}, 12: {'x': 1572.0, 'y': 1567.0}, 13: {'x': 1505.0, 'y': 1763.0}, 14: {'x': 1501.0, 'y': 1459.0}, 15: {'x': 1445.0, 'y': 1986.0}, 16: {'x': 989.0, 'y': 1461.0}, 17: {'x': 1403.0, 'y': 1407.0}, 18: {'x': 707.0, 'y': 1389.0}}"
108.jpg,"{0: {'x': 797.0, 'y': 1034.0}, 1: {'x': 1399.0, 'y': 911.0}, 2: {'x': 1312.0, 'y': 1163.0}, 3: {'x': 632.0, 'y': 1206.0}, 4: {'x': 1453.0, 'y': 1465.0}, 5: {'x': 1407.0, 'y': 1819.0}, 6: {'x': 1406.0, 'y': 1960.0}, 7: {'x': 1338.0, 'y': 2029.0}, 8: {'x': 1390.0, 'y': 2006.0}, 9: {'x': 757.0, 'y': 1788.0}, 10: {'x': 1485.0, 'y': 1629.0}, 11: {'x': 1539.0, 'y': 1661.0}, 12: {'x': 1639.0, 'y': 1555.0}, 13: {'x': 1603.0, 'y': 1770.0}, 14: {'x': 1580.0, 'y': 1432.0}, 15: {'x': 1507.0, 'y': 1936.0}, 16: {'x': 1010.0, 'y': 1426.0}, 17: {'x': 1468.0, 'y': 1396.0}, 18: {'x': 669.0, 'y': 1373.0}}"
109.jpg,"{0: {'x': 838.0, 'y': 1144.0}, 1: {'x': 1369.0, 'y': 1112.0}, 2: {'x': 1278.0, 'y': 1353.0}, 3: {'x': 659.0, 'y': 1236.0}, 4: {'x': 1325.0, 'y': 1585.0}, 5: {'x': 1251.0, 'y': 1896.0}, 6: {'x': 1215.0, 'y': 2012.0}, 7: {'x': 1157.0, 'y': 2052.0}, 8: {'x': 1196.0, 'y': 2043.0}, 9: {'x': 755.0, 'y': 1707.0}, 10: {'x': 1334.0, 'y': 1764.0}, 11: {'x': 1355.0, 'y': 1774.0}, 12: {'x': 1462.0, 'y': 1659.0}, 13: {'x': 1429.0, 'y': 1888.0}, 14: {'x': 1403.0, 'y': 1560.0}, 15: {'x': 1325.0, 'y': 2053.0}, 16: {'x': 983.0, 'y': 1490.0}, 17: {'x': 1377.0, 'y': 1506.0}, 18: {'x': 728.0, 'y': 1369.0}}"
110.jpg,"{0: {'x': 855.0, 'y': 1068.0}, 1: {'x': 1444.0, 'y': 982.0}, 2: {'x': 1329.0, 'y': 1233.0}, 3: {'x': 615.0, 'y': 1237.0}, 4: {'x': 1397.0, 'y': 1538.0}, 5: {'x': 1461.0, 'y': 1897.0}, 6: {'x': 1509.0, 'y': 2047.0}, 7: {'x': 1460.0, 'y': 2112.0}, 8: {'x': 1498.0, 'y': 2093.0}, 9: {'x': 845.0, 'y': 1840.0}, 10: {'x': 1482.0, 'y': 1737.0}, 11: {'x': 1501.0, 'y': 1726.0}, 12: {'x': 1594.0, 'y': 1660.0}, 13: {'x': 1598.0, 'y': 1800.0}, 14: {'x': 1539.0, 'y': 1516.0}, 15: {'x': 1590.0, 'y': 2045.0}, 16: {'x': 994.0, 'y': 1483.0}, 17: {'x': 1451.0, 'y': 1458.0}, 18: {'x': 696.0, 'y': 1381.0}}"
111.jpg,"{0: {'x': 750.0, 'y': 1022.0}, 1: {'x': 1300.0, 'y': 986.0}, 2: {'x': 1214.0, 'y': 1217.0}, 3: {'x': 555.0, 'y': 1156.0}, 4: {'x': 1284.0, 'y': 1518.0}, 5: {'x': 1330.0, 'y': 1869.0}, 6: {'x': 1334.0, 'y': 2015.0}, 7: {'x': 1272.0, 'y': 2074.0}, 8: {'x': 1314.0, 'y': 2058.0}, 9: {'x': 718.0, 'y': 1692.0}, 10: {'x': 1379.0, 'y': 1708.0}, 11: {'x': 1357.0, 'y': 1689.0}, 12: {'x': 1439.0, 'y': 1613.0}, 13: {'x': 1468.0, 'y': 1801.0}, 14: {'x': 1393.0, 'y': 1489.0}, 15: {'x': 1419.0, 'y': 2027.0}, 16: {'x': 916.0, 'y': 1422.0}, 17: {'x': 1295.0, 'y': 1464.0}, 18: {'x': 622.0, 'y': 1295.0}}"
112.jpg,"{0: {'x': 842.0, 'y': 1045.0}, 1: {'x': 1450.0, 'y': 968.0}, 2: {'x': 1328.0, 'y': 1215.0}, 3: {'x': 656.0, 'y': 1200.0}, 4: {'x': 1421.0, 'y': 1514.0}, 5: {'x': 1408.0, 'y': 1861.0}, 6: {'x': 1405.0, 'y': 1984.0}, 7: {'x': 1344.0, 'y': 2046.0}, 8: {'x': 1387.0, 'y': 2023.0}, 9: {'x': 814.0, 'y': 1703.0}, 10: {'x': 1475.0, 'y': 1708.0}, 11: {'x': 1532.0, 'y': 1682.0}, 12: {'x': 1610.0, 'y': 1559.0}, 13: {'x': 1613.0, 'y': 1759.0}, 14: {'x': 1531.0, 'y': 1453.0}, 15: {'x': 1481.0, 'y': 2008.0}, 16: {'x': 1007.0, 'y': 1441.0}, 17: {'x': 1413.0, 'y': 1449.0}, 18: {'x': 730.0, 'y': 1317.0}}"
113.jpg,"{0: {'x': 839.0, 'y': 1059.0}, 1: {'x': 1413.0, 'y': 966.0}, 2: {'x': 1311.0, 'y': 1214.0}, 3: {'x': 650.0, 'y': 1177.0}, 4: {'x': 1451.0, 'y': 1480.0}, 5: {'x': 1372.0, 'y': 1802.0}, 6: {'x': 1352.0, 'y': 1914.0}, 7: {'x': 1292.0, 'y': 1966.0}, 8: {'x': 1334.0, 'y': 1953.0}, 9: {'x': 772.0, 'y': 1692.0}, 10: {'x': 1457.0, 'y': 1633.0}, 11: {'x': 1488.0, 'y': 1652.0}, 12: {'x': 1593.0, 'y': 1574.0}, 13: {'x': 1557.0, 'y': 1765.0}, 14: {'x': 1548.0, 'y': 1455.0}, 15: {'x': 1474.0, 'y': 1956.0}, 16: {'x': 1004.0, 'y': 1389.0}, 17: {'x': 1483.0, 'y': 1411.0}, 18: {'x': 719.0, 'y': 1322.0}}"
114.jpg,"{0: {'x': 814.0, 'y': 1039.0}, 1: {'x': 1394.0, 'y': 1058.0}, 2: {'x': 1258.0, 'y': 1315.0}, 3: {'x': 626.0, 'y': 1197.0}, 4: {'x': 1301.0, 'y': 1603.0}, 5: {'x': 1368.0, 'y': 1984.0}, 6: {'x': 1369.0, 'y': 2133.0}, 7: {'x': 1318.0, 'y': 2184.0}, 8: {'x': 1354.0, 'y': 2170.0}, 9: {'x': 780.0, 'y': 1745.0}, 10: {'x': 1441.0, 'y': 1811.0}, 11: {'x': 1321.0, 'y': 1807.0}, 12: {'x': 1500.0, 'y': 1706.0}, 13: {'x': 1581.0, 'y': 1945.0}, 14: {'x': 1441.0, 'y': 1607.0}, 15: {'x': 1461.0, 'y': 2139.0}, 16: {'x': 947.0, 'y': 1467.0}, 17: {'x': 1368.0, 'y': 1550.0}, 18: {'x': 715.0, 'y': 1331.0}}"
115.jpg,"{0: {'x': 823.0, 'y': 1053.0}, 1: {'x': 1400.0, 'y': 1004.0}, 2: {'x': 1289.0, 'y': 1240.0}, 3: {'x': 614.0, 'y': 1229.0}, 4: {'x': 1374.0, 'y': 1542.0}, 5: {'x': 1391.0, 'y': 1882.0}, 6: {'x': 1376.0, 'y': 1995.0}, 7: {'x': 1308.0, 'y': 2065.0}, 8: {'x': 1360.0, 'y': 2042.0}, 9: {'x': 724.0, 'y': 1766.0}, 10: {'x': 1424.0, 'y': 1717.0}, 11: {'x': 1439.0, 'y': 1728.0}, 12: {'x': 1557.0, 'y': 1634.0}, 13: {'x': 1544.0, 'y': 1816.0}, 14: {'x': 1499.0, 'y': 1517.0}, 15: {'x': 1468.0, 'y': 2017.0}, 16: {'x': 970.0, 'y': 1454.0}, 17: {'x': 1365.0, 'y': 1478.0}, 18: {'x': 661.0, 'y': 1372.0}}"
116.jpg,"{0: {'x': 806.0, 'y': 1010.0}, 1: {'x': 1396.0, 'y': 888.0}, 2: {'x': 1285.0, 'y': 1187.0}, 3: {'x': 622.0, 'y': 1186.0}, 4: {'x': 1457.0, 'y': 1464.0}, 5: {'x': 1520.0, 'y': 1856.0}, 6: {'x': 1543.0, 'y': 2005.0}, 7: {'x': 1463.0, 'y': 2065.0}, 8: {'x': 1524.0, 'y': 2047.0}, 9: {'x': 797.0, 'y': 1750.0}, 10: {'x': 1566.0, 'y': 1638.0}, 11: {'x': 1550.0, 'y': 1650.0}, 12: {'x': 1672.0, 'y': 1565.0}, 13: {'x': 1714.0, 'y': 1791.0}, 14: {'x': 1599.0, 'y': 1456.0}, 15: {'x': 1630.0, 'y': 2034.0}, 16: {'x': 1015.0, 'y': 1402.0}, 17: {'x': 1449.0, 'y': 1433.0}, 18: {'x': 681.0, 'y': 1299.0}}"
117.jpg,"{0: {'x': 728.0, 'y': 995.0}, 1: {'x': 1355.0, 'y': 890.0}, 2: {'x': 1267.0, 'y': 1169.0}, 3: {'x': 599.0, 'y': 1187.0}, 4: {'x': 1416.0, 'y': 1435.0}, 5: {'x': 1362.0, 'y': 1809.0}, 6: {'x': 1348.0, 'y': 1967.0}, 7: {'x': 1295.0, 'y': 2021.0}, 8: {'x': 1334.0, 'y': 2000.0}, 9: {'x': 733.0, 'y': 1685.0}, 10: {'x': 1437.0, 'y': 1627.0}, 11: {'x': 1485.0, 'y': 1656.0}, 12: {'x': 1590.0, 'y': 1583.0}, 13: {'x': 1542.0, 'y': 1756.0}, 14: {'x': 1511.0, 'y': 1414.0}, 15: {'x': 1459.0, 'y': 1997.0}, 16: {'x': 960.0, 'y': 1417.0}, 17: {'x': 1392.0, 'y': 1356.0}, 18: {'x': 684.0, 'y': 1351.0}}"
118.jpg,"{0: {'x': 855.0, 'y': 1126.0}, 1: {'x': 1445.0, 'y': 1081.0}, 2: {'x': 1314.0, 'y': 1307.0}, 3: {'x': 627.0, 'y': 1247.0}, 4: {'x': 1369.0, 'y': 1646.0}, 5: {'x': 1240.0, 'y': 1950.0}, 6: {'x': 1181.0, 'y': 2075.0}, 7: {'x': 1125.0, 'y': 2114.0}, 8: {'x': 1161.0, 'y': 2101.0}, 9: {'x': 638.0, 'y': 1739.0}, 10: {'x': 1364.0, 'y': 1835.0}, 11: {'x': 1391.0, 'y': 1841.0}, 12: {'x': 1528.0, 'y': 1771.0}, 13: {'x': 1431.0, 'y': 1964.0}, 14: {'x': 1504.0, 'y': 1639.0}, 15: {'x': 1267.0, 'y': 2095.0}, 16: {'x': 975.0, 'y': 1517.0}, 17: {'x': 1382.0, 'y': 1561.0}, 18: {'x': 679.0, 'y': 1393.0}}"
119.jpg,"{0: {'x': 824.0, 'y': 1025.0}, 1: {'x': 1376.0, 'y': 969.0}, 2: {'x': 1273.0, 'y': 1243.0}, 3: {'x': 631.0, 'y': 1212.0}, 4: {'x': 1320.0, 'y': 1532.0}, 5: {'x': 1309.0, 'y': 1870.0}, 6: {'x': 1307.0, 'y': 2017.0}, 7: {'x': 1268.0, 'y': 2071.0}, 8: {'x': 1296.0, 'y': 2048.0}, 9: {'x': 751.0, 'y': 1728.0}, 10: {'x': 1364.0, 'y': 1735.0}, 11: {'x': 1360.0, 'y': 1715.0}, 12: {'x': 1502.0, 'y': 1645.0}, 13: {'x': 1490.0, 'y': 1833.0}, 14: {'x': 1444.0, 'y': 1532.0}, 15: {'x': 1400.0, 'y': 2033.0}, 16: {'x': 990.0, 'y': 1430.0}, 17: {'x': 1361.0, 'y': 1470.0}, 18: {'x': 715.0, 'y': 1354.0}}"
120.jpg,"{0: {'x': 881.0, 'y': 1059.0}, 1: {'x': 1491.0, 'y': 1004.0}, 2: {'x': 1372.0, 'y': 1250.0}, 3: {'x': 637.0, 'y': 1211.0}, 4: {'x': 1507.0, 'y': 1519.0}, 5: {'x': 1443.0, 'y': 1884.0}, 6: {'x': 1425.0, 'y': 2000.0}, 7: {'x': 1369.0, 'y': 2072.0}, 8: {'x': 1405.0, 'y': 2045.0}, 9: {'x': 772.0, 'y': 1819.0}, 10: {'x': 1540.0, 'y': 1727.0}, 11: {'x': 1547.0, 'y': 1731.0}, 12: {'x': 1695.0, 'y': 1641.0}, 13: {'x': 1642.0, 'y': 1881.0}, 14: {'x': 1643.0, 'y': 1493.0}, 15: {'x': 1533.0, 'y': 2058.0}, 16: {'x': 1042.0, 'y': 1432.0}, 17: {'x': 1529.0, 'y': 1478.0}, 18: {'x': 730.0, 'y': 1345.0}}"
121.jpg,"{0: {'x': 846.0, 'y': 1120.0}, 1: {'x': 1402.0, 'y': 1122.0}, 2: {'x': 1266.0, 'y': 1360.0}, 3: {'x': 595.0, 'y': 1236.0}, 4: {'x': 1323.0, 'y': 1646.0}, 5: {'x': 1325.0, 'y': 2017.0}, 6: {'x': 1309.0, 'y': 2132.0}, 7: {'x': 1250.0, 'y': 2199.0}, 8: {'x': 1289.0, 'y': 2174.0}, 9: {'x': 715.0, 'y': 1796.0}, 10: {'x': 1387.0, 'y': 1836.0}, 11: {'x': 1355.0, 'y': 1853.0}, 12: {'x': 1512.0, 'y': 1764.0}, 13: {'x': 1481.0, 'y': 1982.0}, 14: {'x': 1429.0, 'y': 1656.0}, 15: {'x': 1405.0, 'y': 2196.0}, 16: {'x': 946.0, 'y': 1536.0}, 17: {'x': 1367.0, 'y': 1595.0}, 18: {'x': 700.0, 'y': 1401.0}}"
122.jpg,"{0: {'x': 713.0, 'y': 1086.0}, 1: {'x': 1292.0, 'y': 1086.0}, 2: {'x': 1161.0, 'y': 1301.0}, 3: {'x': 526.0, 'y': 1205.0}, 4: {'x': 1232.0, 'y': 1574.0}, 5: {'x': 1164.0, 'y': 1862.0}, 6: {'x': 1127.0, 'y': 1980.0}, 7: {'x': 1074.0, 'y': 2022.0}, 8: {'x': 1107.0, 'y': 2009.0}, 9: {'x': 564.0, 'y': 1707.0}, 10: {'x': 1258.0, 'y': 1729.0}, 11: {'x': 1283.0, 'y': 1751.0}, 12: {'x': 1387.0, 'y': 1637.0}, 13: {'x': 1308.0, 'y': 1889.0}, 14: {'x': 1318.0, 'y': 1537.0}, 15: {'x': 1193.0, 'y': 2010.0}, 16: {'x': 835.0, 'y': 1457.0}, 17: {'x': 1257.0, 'y': 1487.0}, 18: {'x': 586.0, 'y': 1341.0}}"
123.jpg,"{0: {'x': 777.0, 'y': 1066.0}, 1: {'x': 1383.0, 'y': 1012.0}, 2: {'x': 1255.0, 'y': 1244.0}, 3: {'x': 589.0, 'y': 1207.0}, 4: {'x': 1346.0, 'y': 1539.0}, 5: {'x': 1300.0, 'y': 1867.0}, 6: {'x': 1297.0, 'y': 2011.0}, 7: {'x': 1240.0, 'y': 2080.0}, 8: {'x': 1282.0, 'y': 2056.0}, 9: {'x': 695.0, 'y': 1772.0}, 10: {'x': 1367.0, 'y': 1733.0}, 11: {'x': 1388.0, 'y': 1739.0}, 12: {'x': 1513.0, 'y': 1677.0}, 13: {'x': 1469.0, 'y': 1867.0}, 14: {'x': 1451.0, 'y': 1526.0}, 15: {'x': 1419.0, 'y': 2091.0}, 16: {'x': 953.0, 'y': 1433.0}, 17: {'x': 1360.0, 'y': 1477.0}, 18: {'x': 621.0, 'y': 1354.0}}"
124.jpg,"{0: {'x': 855.0, 'y': 1015.0}, 1: {'x': 1439.0, 'y': 999.0}, 2: {'x': 1309.0, 'y': 1217.0}, 3: {'x': 606.0, 'y': 1157.0}, 4: {'x': 1386.0, 'y': 1554.0}, 5: {'x': 1401.0, 'y': 1908.0}, 6: {'x': 1382.0, 'y': 2042.0}, 7: {'x': 1316.0, 'y': 2113.0}, 8: {'x': 1358.0, 'y': 2086.0}, 9: {'x': 802.0, 'y': 1770.0}, 10: {'x': 1466.0, 'y': 1742.0}, 11: {'x': 1413.0, 'y': 1754.0}, 12: {'x': 1529.0, 'y': 1648.0}, 13: {'x': 1547.0, 'y': 1775.0}, 14: {'x': 1521.0, 'y': 1532.0}, 15: {'x': 1416.0, 'y': 2066.0}, 16: {'x': 964.0, 'y': 1439.0}, 17: {'x': 1430.0, 'y': 1475.0}, 18: {'x': 703.0, 'y': 1320.0}}"
125.jpg,"{0: {'x': 800.0, 'y': 1004.0}, 1: {'x': 1357.0, 'y': 919.0}, 2: {'x': 1260.0, 'y': 1158.0}, 3: {'x': 614.0, 'y': 1206.0}, 4: {'x': 1404.0, 'y': 1467.0}, 5: {'x': 1337.0, 'y': 1786.0}, 6: {'x': 1315.0, 'y': 1942.0}, 7: {'x': 1252.0, 'y': 1998.0}, 8: {'x': 1296.0, 'y': 1984.0}, 9: {'x': 761.0, 'y': 1702.0}, 10: {'x': 1447.0, 'y': 1646.0}, 11: {'x': 1470.0, 'y': 1663.0}, 12: {'x': 1572.0, 'y': 1539.0}, 13: {'x': 1527.0, 'y': 1773.0}, 14: {'x': 1499.0, 'y': 1426.0}, 15: {'x': 1398.0, 'y': 1946.0}, 16: {'x': 981.0, 'y': 1393.0}, 17: {'x': 1425.0, 'y': 1384.0}, 18: {'x': 683.0, 'y': 1328.0}}"
126.jpg,"{0: {'x': 792.0, 'y': 1065.0}, 1: {'x': 1361.0, 'y': 1042.0}, 2: {'x': 1260.0, 'y': 1282.0}, 3: {'x': 606.0, 'y': 1222.0}, 4: {'x': 1398.0, 'y': 1579.0}, 5: {'x': 1450.0, 'y': 1933.0}, 6: {'x': 1468.0, 'y': 2041.0}, 7: {'x': 1416.0, 'y': 2099.0}, 8: {'x': 1452.0, 'y': 2081.0}, 9: {'x': 739.0, 'y': 1826.0}, 10: {'x': 1482.0, 'y': 1763.0}, 11: {'x': 1482.0, 'y': 1756.0}, 12: {'x': 1584.0, 'y': 1681.0}, 13: {'x': 1599.0, 'y': 1875.0}, 14: {'x': 1535.0, 'y': 1562.0}, 15: {'x': 1545.0, 'y': 2065.0}, 16: {'x': 949.0, 'y': 1481.0}, 17: {'x': 1419.0, 'y': 1521.0}, 18: {'x': 647.0, 'y': 1357.0}}"
127.jpg,"{0: {'x': 841.0, 'y': 1023.0}, 1: {'x': 1402.0, 'y': 919.0}, 2: {'x': 1324.0, 'y': 1189.0}, 3: {'x': 679.0, 'y': 1233.0}, 4: {'x': 1439.0, 'y': 1471.0}, 5: {'x': 1414.0, 'y': 1824.0}, 6: {'x': 1420.0, 'y': 1958.0}, 7: {'x': 1365.0, 'y': 2018.0}, 8: {'x': 1405.0, 'y': 2000.0}, 9: {'x': 823.0, 'y': 1665.0}, 10: {'x': 1486.0, 'y': 1674.0}, 11: {'x': 1507.0, 'y': 1647.0}, 12: {'x': 1600.0, 'y': 1565.0}, 13: {'x': 1577.0, 'y': 1799.0}, 14: {'x': 1523.0, 'y': 1453.0}, 15: {'x': 1512.0, 'y': 1991.0}, 16: {'x': 1041.0, 'y': 1395.0}, 17: {'x': 1455.0, 'y': 1399.0}, 18: {'x': 771.0, 'y': 1304.0}}"
128.jpg,"{0: {'x': 760.0, 'y': 955.0}, 1: {'x': 1306.0, 'y': 865.0}, 2: {'x': 1219.0, 'y': 1115.0}, 3: {'x': 589.0, 'y': 1148.0}, 4: {'x': 1317.0, 'y': 1370.0}, 5: {'x': 1297.0, 'y': 1673.0}, 6: {'x': 1309.0, 'y': 1796.0}, 7: {'x': 1248.0, 'y': 1876.0}, 8: {'x': 1292.0, 'y': 1844.0}, 9: {'x': 677.0, 'y': 1637.0}, 10: {'x': 1357.0, 'y': 1538.0}, 11: {'x': 1390.0, 'y': 1556.0}, 12: {'x': 1506.0, 'y': 1462.0}, 13: {'x': 1472.0, 'y': 1676.0}, 14: {'x': 1442.0, 'y': 1341.0}, 15: {'x': 1411.0, 'y': 1885.0}, 16: {'x': 937.0, 'y': 1326.0}, 17: {'x': 1375.0, 'y': 1308.0}, 18: {'x': 644.0, 'y': 1264.0}}"
129.jpg,"{0: {'x': 829.0, 'y': 1132.0}, 1: {'x': 1392.0, 'y': 1020.0}, 2: {'x': 1305.0, 'y': 1270.0}, 3: {'x': 636.0, 'y': 1223.0}, 4: {'x': 1408.0, 'y': 1551.0}, 5: {'x': 1378.0, 'y': 1876.0}, 6: {'x': 1358.0, 'y': 1981.0}, 7: {'x': 1309.0, 'y': 2051.0}, 8: {'x': 1343.0, 'y': 2023.0}, 9: {'x': 768.0, 'y': 1770.0}, 10: {'x': 1449.0, 'y': 1715.0}, 11: {'x': 1497.0, 'y': 1714.0}, 12: {'x': 1577.0, 'y': 1692.0}, 13: {'x': 1560.0, 'y': 1825.0}, 14: {'x': 1528.0, 'y': 1528.0}, 15: {'x': 1463.0, 'y': 2033.0}, 16: {'x': 1002.0, 'y': 1480.0}, 17: {'x': 1394.0, 'y': 1500.0}, 18: {'x': 674.0, 'y': 1370.0}}"
130.jpg,"{0: {'x': 826.0, 'y': 1007.0}, 1: {'x': 1434.0, 'y': 884.0}, 2: {'x': 1306.0, 'y': 1175.0}, 3: {'x': 632.0, 'y': 1140.0}, 4: {'x': 1433.0, 'y': 1514.0}, 5: {'x': 1499.0, 'y': 1868.0}, 6: {'x': 1519.0, 'y': 1996.0}, 7: {'x': 1465.0, 'y': 2078.0}, 8: {'x': 1504.0, 'y': 2046.0}, 9: {'x': 777.0, 'y': 1707.0}, 10: {'x': 1504.0, 'y': 1684.0}, 11: {'x': 1492.0, 'y': 1683.0}, 12: {'x': 1622.0, 'y': 1558.0}, 13: {'x': 1664.0, 'y': 1798.0}, 14: {'x': 1562.0, 'y': 1480.0}, 15: {'x': 1588.0, 'y': 2020.0}, 16: {'x': 1004.0, 'y': 1414.0}, 17: {'x': 1438.0, 'y': 1463.0}, 18: {'x': 710.0, 'y': 1266.0}}"
131.jpg,"{0: {'x': 810.0, 'y': 952.0}, 1: {'x': 1369.0, 'y': 972.0}, 2: {'x': 1239.0, 'y': 1202.0}, 3: {'x': 601.0, 'y': 1146.0}, 4: {'x': 1296.0, 'y': 1455.0}, 5: {'x': 1265.0, 'y': 1758.0}, 6: {'x': 1255.0, 'y': 1853.0}, 7: {'x': 1191.0, 'y': 1907.0}, 8: {'x': 1234.0, 'y': 1887.0}, 9: {'x': 715.0, 'y': 1634.0}, 10: {'x': 1315.0, 'y': 1621.0}, 11: {'x': 1318.0, 'y': 1605.0}, 12: {'x': 1420.0, 'y': 1518.0}, 13: {'x': 1399.0, 'y': 1715.0}, 14: {'x': 1366.0, 'y': 1427.0}, 15: {'x': 1329.0, 'y': 1899.0}, 16: {'x': 946.0, 'y': 1352.0}, 17: {'x': 1333.0, 'y': 1398.0}, 18: {'x': 639.0, 'y': 1283.0}}"
132.jpg,"{0: {'x': 814.0, 'y': 1071.0}, 1: {'x': 1393.0, 'y': 1027.0}, 2: {'x': 1304.0, 'y': 1259.0}, 3: {'x': 620.0, 'y': 1226.0}, 4: {'x': 1390.0, 'y': 1523.0}, 5: {'x': 1354.0, 'y': 1837.0}, 6: {'x': 1347.0, 'y': 1956.0}, 7: {'x': 1289.0, 'y': 2026.0}, 8: {'x': 1327.0, 'y': 2002.0}, 9: {'x': 712.0, 'y': 1725.0}, 10: {'x': 1436.0, 'y': 1689.0}, 11: {'x': 1462.0, 'y': 1707.0}, 12: {'x': 1570.0, 'y': 1616.0}, 13: {'x': 1515.0, 'y': 1844.0}, 14: {'x': 1489.0, 'y': 1510.0}, 15: {'x': 1443.0, 'y': 1996.0}, 16: {'x': 979.0, 'y': 1469.0}, 17: {'x': 1395.0, 'y': 1459.0}, 18: {'x': 660.0, 'y': 1357.0}}"
133.jpg,"{0: {'x': 752.0, 'y': 924.0}, 1: {'x': 1306.0, 'y': 733.0}, 2: {'x': 1253.0, 'y': 1024.0}, 3: {'x': 591.0, 'y': 1126.0}, 4: {'x': 1374.0, 'y': 1301.0}, 5: {'x': 1301.0, 'y': 1645.0}, 6: {'x': 1287.0, 'y': 1765.0}, 7: {'x': 1239.0, 'y': 1826.0}, 8: {'x': 1273.0, 'y': 1804.0}, 9: {'x': 752.0, 'y': 1539.0}, 10: {'x': 1379.0, 'y': 1472.0}, 11: {'x': 1454.0, 'y': 1511.0}, 12: {'x': 1566.0, 'y': 1379.0}, 13: {'x': 1487.0, 'y': 1621.0}, 14: {'x': 1495.0, 'y': 1255.0}, 15: {'x': 1394.0, 'y': 1808.0}, 16: {'x': 994.0, 'y': 1277.0}, 17: {'x': 1387.0, 'y': 1229.0}, 18: {'x': 693.0, 'y': 1213.0}}"
134.jpg,"{0: {'x': 713.0, 'y': 980.0}, 1: {'x': 1275.0, 'y': 871.0}, 2: {'x': 1196.0, 'y': 1100.0}, 3: {'x': 558.0, 'y': 1151.0}, 4: {'x': 1339.0, 'y': 1363.0}, 5: {'x': 1264.0, 'y': 1661.0}, 6: {'x': 1238.0, 'y': 1787.0}, 7: {'x': 1187.0, 'y': 1843.0}, 8: {'x': 1222.0, 'y': 1821.0}, 9: {'x': 661.0, 'y': 1599.0}, 10: {'x': 1339.0, 'y': 1505.0}, 11: {'x': 1420.0, 'y': 1550.0}, 12: {'x': 1501.0, 'y': 1414.0}, 13: {'x': 1452.0, 'y': 1658.0}, 14: {'x': 1420.0, 'y': 1328.0}, 15: {'x': 1335.0, 'y': 1820.0}, 16: {'x': 921.0, 'y': 1319.0}, 17: {'x': 1346.0, 'y': 1293.0}, 18: {'x': 611.0, 'y': 1280.0}}"
135.jpg,"{0: {'x': 824.0, 'y': 1115.0}, 1: {'x': 1382.0, 'y': 1085.0}, 2: {'x': 1301.0, 'y': 1333.0}, 3: {'x': 638.0, 'y': 1218.0}, 4: {'x': 1366.0, 'y': 1607.0}, 5: {'x': 1452.0, 'y': 1931.0}, 6: {'x': 1478.0, 'y': 2037.0}, 7: {'x': 1424.0, 'y': 2098.0}, 8: {'x': 1463.0, 'y': 2077.0}, 9: {'x': 798.0, 'y': 1778.0}, 10: {'x': 1449.0, 'y': 1766.0}, 11: {'x': 1444.0, 'y': 1762.0}, 12: {'x': 1542.0, 'y': 1658.0}, 13: {'x': 1580.0, 'y': 1826.0}, 14: {'x': 1464.0, 'y': 1580.0}, 15: {'x': 1558.0, 'y': 2079.0}, 16: {'x': 973.0, 'y': 1515.0}, 17: {'x': 1398.0, 'y': 1554.0}, 18: {'x': 688.0, 'y': 1358.0}}"
136.jpg,"{0: {'x': 767.0, 'y': 971.0}, 1: {'x': 1388.0, 'y': 828.0}, 2: {'x': 1272.0, 'y': 1108.0}, 3: {'x': 573.0, 'y': 1146.0}, 4: {'x': 1437.0, 'y': 1439.0}, 5: {'x': 1413.0, 'y': 1793.0}, 6: {'x': 1411.0, 'y': 1992.0}, 7: {'x': 1342.0, 'y': 2055.0}, 8: {'x': 1388.0, 'y': 2040.0}, 9: {'x': 751.0, 'y': 1722.0}, 10: {'x': 1453.0, 'y': 1613.0}, 11: {'x': 1506.0, 'y': 1637.0}, 12: {'x': 1631.0, 'y': 1524.0}, 13: {'x': 1599.0, 'y': 1769.0}, 14: {'x': 1581.0, 'y': 1391.0}, 15: {'x': 1485.0, 'y': 2016.0}, 16: {'x': 992.0, 'y': 1375.0}, 17: {'x': 1452.0, 'y': 1345.0}, 18: {'x': 658.0, 'y': 1287.0}}"
137.jpg,"{0: {'x': 839.0, 'y': 1060.0}, 1: {'x': 1477.0, 'y': 954.0}, 2: {'x': 1369.0, 'y': 1250.0}, 3: {'x': 593.0, 'y': 1228.0}, 4: {'x': 1553.0, 'y': 1551.0}, 5: {'x': 1536.0, 'y': 1906.0}, 6: {'x': 1523.0, 'y': 2071.0}, 7: {'x': 1460.0, 'y': 2146.0}, 8: {'x': 1505.0, 'y': 2120.0}, 9: {'x': 807.0, 'y': 1905.0}, 10: {'x': 1617.0, 'y': 1746.0}, 11: {'x': 1647.0, 'y': 1741.0}, 12: {'x': 1735.0, 'y': 1641.0}, 13: {'x': 1722.0, 'y': 1840.0}, 14: {'x': 1658.0, 'y': 1489.0}, 15: {'x': 1603.0, 'y': 2105.0}, 16: {'x': 1066.0, 'y': 1493.0}, 17: {'x': 1552.0, 'y': 1461.0}, 18: {'x': 649.0, 'y': 1393.0}}"
138.jpg,"{0: {'x': 799.0, 'y': 935.0}, 1: {'x': 1358.0, 'y': 944.0}, 2: {'x': 1231.0, 'y': 1192.0}, 3: {'x': 631.0, 'y': 1149.0}, 4: {'x': 1258.0, 'y': 1490.0}, 5: {'x': 1286.0, 'y': 1875.0}, 6: {'x': 1289.0, 'y': 2004.0}, 7: {'x': 1246.0, 'y': 2057.0}, 8: {'x': 1280.0, 'y': 2036.0}, 9: {'x': 750.0, 'y': 1733.0}, 10: {'x': 1344.0, 'y': 1691.0}, 11: {'x': 1287.0, 'y': 1721.0}, 12: {'x': 1443.0, 'y': 1616.0}, 13: {'x': 1470.0, 'y': 1816.0}, 14: {'x': 1372.0, 'y': 1499.0}, 15: {'x': 1380.0, 'y': 2046.0}, 16: {'x': 902.0, 'y': 1378.0}, 17: {'x': 1272.0, 'y': 1408.0}, 18: {'x': 680.0, 'y': 1300.0}}"
139.jpg,"{0: {'x': 922.0, 'y': 1037.0}, 1: {'x': 1545.0, 'y': 1054.0}, 2: {'x': 1387.0, 'y': 1303.0}, 3: {'x': 634.0, 'y': 1203.0}, 4: {'x': 1433.0, 'y': 1626.0}, 5: {'x': 1325.0, 'y': 2004.0}, 6: {'x': 1299.0, 'y': 2151.0}, 7: {'x': 1226.0, 'y': 2217.0}, 8: {'x': 1280.0, 'y': 2202.0}, 9: {'x': 684.0, 'y': 1770.0}, 10: {'x': 1435.0, 'y': 1845.0}, 11: {'x': 1454.0, 'y': 1857.0}, 12: {'x': 1598.0, 'y': 1821.0}, 13: {'x': 1537.0, 'y': 2030.0}, 14: {'x': 1565.0, 'y': 1656.0}, 15: {'x': 1408.0, 'y': 2210.0}, 16: {'x': 1025.0, 'y': 1499.0}, 17: {'x': 1461.0, 'y': 1575.0}, 18: {'x': 707.0, 'y': 1338.0}}"
140.jpg,"{0: {'x': 785.0, 'y': 1006.0}, 1: {'x': 1344.0, 'y': 894.0}, 2: {'x': 1244.0, 'y': 1170.0}, 3: {'x': 593.0, 'y': 1184.0}, 4: {'x': 1305.0, 'y': 1450.0}, 5: {'x': 1285.0, 'y': 1785.0}, 6: {'x': 1286.0, 'y': 1907.0}, 7: {'x': 1234.0, 'y': 1961.0}, 8: {'x': 1271.0, 'y': 1942.0}, 9: {'x': 691.0, 'y': 1667.0}, 10: {'x': 1372.0, 'y': 1623.0}, 11: {'x': 1395.0, 'y': 1639.0}, 12: {'x': 1510.0, 'y': 1542.0}, 13: {'x': 1494.0, 'y': 1750.0}, 14: {'x': 1460.0, 'y': 1416.0}, 15: {'x': 1343.0, 'y': 1964.0}, 16: {'x': 960.0, 'y': 1382.0}, 17: {'x': 1325.0, 'y': 1381.0}, 18: {'x': 672.0, 'y': 1318.0}}"
141.jpg,"{0: {'x': 882.0, 'y': 1076.0}, 1: {'x': 1443.0, 'y': 1076.0}, 2: {'x': 1316.0, 'y': 1336.0}, 3: {'x': 641.0, 'y': 1218.0}, 4: {'x': 1365.0, 'y': 1610.0}, 5: {'x': 1328.0, 'y': 1924.0}, 6: {'x': 1325.0, 'y': 2036.0}, 7: {'x': 1264.0, 'y': 2089.0}, 8: {'x': 1301.0, 'y': 2069.0}, 9: {'x': 644.0, 'y': 1792.0}, 10: {'x': 1366.0, 'y': 1772.0}, 11: {'x': 1390.0, 'y': 1794.0}, 12: {'x': 1522.0, 'y': 1708.0}, 13: {'x': 1485.0, 'y': 1885.0}, 14: {'x': 1484.0, 'y': 1607.0}, 15: {'x': 1430.0, 'y': 2066.0}, 16: {'x': 983.0, 'y': 1510.0}, 17: {'x': 1390.0, 'y': 1566.0}, 18: {'x': 671.0, 'y': 1365.0}}"
142.jpg,"{0: {'x': 804.0, 'y': 976.0}, 1: {'x': 1380.0, 'y': 946.0}, 2: {'x': 1236.0, 'y': 1193.0}, 3: {'x': 598.0, 'y': 1169.0}, 4: {'x': 1323.0, 'y': 1414.0}, 5: {'x': 1291.0, 'y': 1745.0}, 6: {'x': 1288.0, 'y': 1835.0}, 7: {'x': 1229.0, 'y': 1900.0}, 8: {'x': 1267.0, 'y': 1882.0}, 9: {'x': 675.0, 'y': 1690.0}, 10: {'x': 1342.0, 'y': 1588.0}, 11: {'x': 1397.0, 'y': 1610.0}, 12: {'x': 1485.0, 'y': 1519.0}, 13: {'x': 1438.0, 'y': 1724.0}, 14: {'x': 1457.0, 'y': 1407.0}, 15: {'x': 1375.0, 'y': 1891.0}, 16: {'x': 949.0, 'y': 1367.0}, 17: {'x': 1365.0, 'y': 1371.0}, 18: {'x': 648.0, 'y': 1312.0}}"
143.jpg,"{0: {'x': 786.0, 'y': 957.0}, 1: {'x': 1358.0, 'y': 929.0}, 2: {'x': 1241.0, 'y': 1175.0}, 3: {'x': 606.0, 'y': 1139.0}, 4: {'x': 1374.0, 'y': 1456.0}, 5: {'x': 1401.0, 'y': 1797.0}, 6: {'x': 1435.0, 'y': 1944.0}, 7: {'x': 1390.0, 'y': 2011.0}, 8: {'x': 1427.0, 'y': 1988.0}, 9: {'x': 744.0, 'y': 1708.0}, 10: {'x': 1404.0, 'y': 1641.0}, 11: {'x': 1423.0, 'y': 1649.0}, 12: {'x': 1541.0, 'y': 1564.0}, 13: {'x': 1556.0, 'y': 1737.0}, 14: {'x': 1485.0, 'y': 1463.0}, 15: {'x': 1555.0, 'y': 1984.0}, 16: {'x': 968.0, 'y': 1362.0}, 17: {'x': 1377.0, 'y': 1423.0}, 18: {'x': 670.0, 'y': 1270.0}}"
144.jpg,"{0: {'x': 832.0, 'y': 997.0}, 1: {'x': 1440.0, 'y': 944.0}, 2: {'x': 1312.0, 'y': 1204.0}, 3: {'x': 583.0, 'y': 1188.0}, 4: {'x': 1412.0, 'y': 1563.0}, 5: {'x': 1413.0, 'y': 1896.0}, 6: {'x': 1414.0, 'y': 2057.0}, 7: {'x': 1353.0, 'y': 2132.0}, 8: {'x': 1397.0, 'y': 2104.0}, 9: {'x': 729.0, 'y': 1839.0}, 10: {'x': 1437.0, 'y': 1724.0}, 11: {'x': 1452.0, 'y': 1727.0}, 12: {'x': 1580.0, 'y': 1641.0}, 13: {'x': 1584.0, 'y': 1837.0}, 14: {'x': 1529.0, 'y': 1522.0}, 15: {'x': 1515.0, 'y': 2100.0}, 16: {'x': 959.0, 'y': 1465.0}, 17: {'x': 1416.0, 'y': 1482.0}, 18: {'x': 686.0, 'y': 1314.0}}"
145.jpg,"{0: {'x': 774.0, 'y': 1061.0}, 1: {'x': 1332.0, 'y': 925.0}, 2: {'x': 1262.0, 'y': 1203.0}, 3: {'x': 621.0, 'y': 1210.0}, 4: {'x': 1334.0, 'y': 1501.0}, 5: {'x': 1422.0, 'y': 1838.0}, 6: {'x': 1470.0, 'y': 1980.0}, 7: {'x': 1424.0, 'y': 2049.0}, 8: {'x': 1455.0, 'y': 2022.0}, 9: {'x': 853.0, 'y': 1735.0}, 10: {'x': 1399.0, 'y': 1698.0}, 11: {'x': 1391.0, 'y': 1694.0}, 12: {'x': 1501.0, 'y': 1573.0}, 13: {'x': 1529.0, 'y': 1740.0}, 14: {'x': 1436.0, 'y': 1484.0}, 15: {'x': 1525.0, 'y': 1996.0}, 16: {'x': 977.0, 'y': 1455.0}, 17: {'x': 1347.0, 'y': 1436.0}, 18: {'x': 712.0, 'y': 1305.0}}"
146.jpg,"{0: {'x': 833.0, 'y': 1080.0}, 1: {'x': 1441.0, 'y': 1097.0}, 2: {'x': 1322.0, 'y': 1381.0}, 3: {'x': 582.0, 'y': 1198.0}, 4: {'x': 1344.0, 'y': 1674.0}, 5: {'x': 1254.0, 'y': 1994.0}, 6: {'x': 1184.0, 'y': 2150.0}, 7: {'x': 1108.0, 'y': 2201.0}, 8: {'x': 1153.0, 'y': 2188.0}, 9: {'x': 583.0, 'y': 1912.0}, 10: {'x': 1348.0, 'y': 1857.0}, 11: {'x': 1380.0, 'y': 1906.0}, 12: {'x': 1522.0, 'y': 1818.0}, 13: {'x': 1440.0, 'y': 2009.0}, 14: {'x': 1483.0, 'y': 1679.0}, 15: {'x': 1276.0, 'y': 2174.0}, 16: {'x': 915.0, 'y': 1538.0}, 17: {'x': 1359.0, 'y': 1611.0}, 18: {'x': 617.0, 'y': 1366.0}}"
147.jpg,"{0: {'x': 773.0, 'y': 1010.0}, 1: {'x': 1347.0, 'y': 994.0}, 2: {'x': 1241.0, 'y': 1239.0}, 3: {'x': 608.0, 'y': 1196.0}, 4: {'x': 1306.0, 'y': 1525.0}, 5: {'x': 1268.0, 'y': 1874.0}, 6: {'x': 1243.0, 'y': 1967.0}, 7: {'x': 1190.0, 'y': 2029.0}, 8: {'x': 1226.0, 'y': 2006.0}, 9: {'x': 669.0, 'y': 1695.0}, 10: {'x': 1338.0, 'y': 1726.0}, 11: {'x': 1354.0, 'y': 1726.0}, 12: {'x': 1503.0, 'y': 1628.0}, 13: {'x': 1449.0, 'y': 1859.0}, 14: {'x': 1440.0, 'y': 1515.0}, 15: {'x': 1354.0, 'y': 2017.0}, 16: {'x': 923.0, 'y': 1432.0}, 17: {'x': 1324.0, 'y': 1476.0}, 18: {'x': 658.0, 'y': 1335.0}}"
148.jpg,"{0: {'x': 759.0, 'y': 1024.0}, 1: {'x': 1326.0, 'y': 977.0}, 2: {'x': 1250.0, 'y': 1204.0}, 3: {'x': 568.0, 'y': 1189.0}, 4: {'x': 1339.0, 'y': 1526.0}, 5: {'x': 1237.0, 'y': 1893.0}, 6: {'x': 1205.0, 'y': 1999.0}, 7: {'x': 1137.0, 'y': 2059.0}, 8: {'x': 1181.0, 'y': 2037.0}, 9: {'x': 645.0, 'y': 1736.0}, 10: {'x': 1316.0, 'y': 1719.0}, 11: {'x': 1340.0, 'y': 1739.0}, 12: {'x': 1502.0, 'y': 1613.0}, 13: {'x': 1427.0, 'y': 1854.0}, 14: {'x': 1427.0, 'y': 1506.0}, 15: {'x': 1316.0, 'y': 2057.0}, 16: {'x': 910.0, 'y': 1429.0}, 17: {'x': 1347.0, 'y': 1453.0}, 18: {'x': 609.0, 'y': 1331.0}}"
149.jpg,"{0: {'x': 802.0, 'y': 1034.0}, 1: {'x': 1411.0, 'y': 938.0}, 2: {'x': 1295.0, 'y': 1188.0}, 3: {'x': 611.0, 'y': 1242.0}, 4: {'x': 1467.0, 'y': 1480.0}, 5: {'x': 1424.0, 'y': 1792.0}, 6: {'x': 1429.0, 'y': 1899.0}, 7: {'x': 1369.0, 'y': 1984.0}, 8: {'x': 1412.0, 'y': 1948.0}, 9: {'x': 770.0, 'y': 1762.0}, 10: {'x': 1487.0, 'y': 1617.0}, 11: {'x': 1528.0, 'y': 1657.0}, 12: {'x': 1644.0, 'y': 1584.0}, 13: {'x': 1587.0, 'y': 1803.0}, 14: {'x': 1585.0, 'y': 1452.0}, 15: {'x': 1486.0, 'y': 1999.0}, 16: {'x': 993.0, 'y': 1439.0}, 17: {'x': 1479.0, 'y': 1431.0}, 18: {'x': 670.0, 'y': 1348.0}}"
150.jpg,"{0: {'x': 758.0, 'y': 973.0}, 1: {'x': 1356.0, 'y': 881.0}, 2: {'x': 1236.0, 'y': 1120.0}, 3: {'x': 576.0, 'y': 1123.0}, 4: {'x': 1333.0, 'y': 1402.0}, 5: {'x': 1240.0, 'y': 1703.0}, 6: {'x': 1196.0, 'y': 1829.0}, 7: {'x': 1137.0, 'y': 1881.0}, 8: {'x': 1176.0, 'y': 1864.0}, 9: {'x': 643.0, 'y': 1482.0}, 10: {'x': 1324.0, 'y': 1594.0}, 11: {'x': 1376.0, 'y': 1601.0}, 12: {'x': 1483.0, 'y': 1502.0}, 13: {'x': 1420.0, 'y': 1697.0}, 14: {'x': 1442.0, 'y': 1390.0}, 15: {'x': 1295.0, 'y': 1868.0}, 16: {'x': 907.0, 'y': 1307.0}, 17: {'x': 1346.0, 'y': 1345.0}, 18: {'x': 641.0, 'y': 1212.0}}"
